[18:47:53] [Server thread/INFO]: Starting minecraft server version 1.8.8
[18:47:53] [Server thread/INFO]: Loading properties
[18:47:53] [Server thread/INFO]: Default game type: SURVIVAL
[18:47:54] [Server thread/INFO]: This server is running CraftBukkit version git-PaperSpigot-445 (MC: 1.8.8) (Implementing API version 1.8.8-R0.1-SNAPSHOT)
[18:47:54] [Server thread/INFO]: Debug logging is disabled
[18:47:54] [Server thread/INFO]: Spigot Timings: true - Verbose: true - Interval: 5m - Length: 60m
[18:47:54] [Server thread/INFO]: Using 4 threads for Netty based IO
[18:47:54] [Server thread/INFO]: Server Ping Player Sample Count: 12

[18:47:54] [Server thread/INFO]: Data value allowed items: 
[18:47:54] [Server thread/WARN]: java.lang.NoSuchFieldException: modifiers

[18:47:54] [Server thread/WARN]: 	at java.base/java.lang.Class.getDeclaredField(Class.java:2382)

[18:47:54] [Server thread/WARN]: 	at org.github.paperspigot.PaperSpigotConfig.stackableBuckets(PaperSpigotConfig.java:192)

[18:47:54] [Server thread/WARN]: 	at java.base/jdk.internal.reflect.DirectMethodHandleAccessor.invoke(DirectMethodHandleAccessor.java:104)

[18:47:54] [Server thread/WARN]: 	at java.base/java.lang.reflect.Method.invoke(Method.java:565)

[18:47:54] [Server thread/WARN]: 	at org.github.paperspigot.PaperSpigotConfig.readConfig(PaperSpigotConfig.java:84)

[18:47:54] [Server thread/WARN]: 	at org.github.paperspigot.PaperSpigotConfig.init(PaperSpigotConfig.java:62)

[18:47:54] [Server thread/WARN]: 	at net.minecraft.server.v1_8_R3.DedicatedServer.init(DedicatedServer.java:181)

[18:47:54] [Server thread/WARN]: 	at net.minecraft.server.v1_8_R3.MinecraftServer.run(MinecraftServer.java:563)

[18:47:54] [Server thread/WARN]: 	at java.base/java.lang.Thread.run(Thread.java:1474)

[18:47:54] [Server thread/INFO]: Generating keypair
[18:47:55] [Server thread/INFO]: Starting Minecraft server on localhost:25565
[18:47:55] [Server thread/INFO]: Your platform does not provide complete low-level API for accessing direct buffers reliably. Unless explicitly requested, heap buffer will always be preferred to avoid potential system unstability.
[18:47:55] [Server thread/INFO]: Using default channel type
[18:47:56] [Server thread/ERROR]: Ambiguous plugin name `EaglerPluginInstaller' for files `plugins/EaglerPluginInstaller.jar' and `plugins/EaglerPluginInstaller-1.1.5.jar' in `plugins'
[18:47:56] [Server thread/INFO]: Set PluginClassLoader as parallel capable
[18:47:56] [Server thread/ERROR]: Could not load 'plugins/CMIB-1.0.3.1.jar' in folder 'plugins'
org.bukkit.plugin.InvalidPluginException: java.lang.NoClassDefFoundError: net/md_5/bungee/api/plugin/Plugin
	at org.bukkit.plugin.java.JavaPluginLoader.loadPlugin(JavaPluginLoader.java:133) ~[patched_1.8.8.jar:git-PaperSpigot-445]
	at org.bukkit.plugin.SimplePluginManager.loadPlugin(SimplePluginManager.java:331) ~[patched_1.8.8.jar:git-PaperSpigot-445]
	at org.bukkit.plugin.SimplePluginManager.loadPlugins(SimplePluginManager.java:254) [patched_1.8.8.jar:git-PaperSpigot-445]
	at org.bukkit.craftbukkit.v1_8_R3.CraftServer.loadPlugins(CraftServer.java:293) [patched_1.8.8.jar:git-PaperSpigot-445]
	at net.minecraft.server.v1_8_R3.DedicatedServer.init(DedicatedServer.java:202) [patched_1.8.8.jar:git-PaperSpigot-445]
	at net.minecraft.server.v1_8_R3.MinecraftServer.run(MinecraftServer.java:563) [patched_1.8.8.jar:git-PaperSpigot-445]
	at java.lang.Thread.run(Thread.java:1474) [?:?]
Caused by: java.lang.NoClassDefFoundError: net/md_5/bungee/api/plugin/Plugin
	at java.lang.ClassLoader.defineClass1(Native Method) ~[?:?]
	at java.lang.ClassLoader.defineClass(ClassLoader.java:962) ~[?:?]
	at java.security.SecureClassLoader.defineClass(SecureClassLoader.java:144) ~[?:?]
	at java.net.URLClassLoader.defineClass(URLClassLoader.java:454) ~[?:?]
	at java.net.URLClassLoader.findClass(URLClassLoader.java:367) ~[?:?]
	at org.bukkit.plugin.java.PluginClassLoader.findClass(PluginClassLoader.java:102) ~[patched_1.8.8.jar:git-PaperSpigot-445]
	at org.bukkit.plugin.java.PluginClassLoader.findClass(PluginClassLoader.java:87) ~[patched_1.8.8.jar:git-PaperSpigot-445]
	at java.lang.ClassLoader.loadClass(ClassLoader.java:557) ~[?:?]
	at java.lang.ClassLoader.loadClass(ClassLoader.java:490) ~[?:?]
	at java.lang.Class.forName0(Native Method) ~[?:?]
	at java.lang.Class.forName(Class.java:547) ~[?:?]
	at org.bukkit.plugin.java.PluginClassLoader.<init>(PluginClassLoader.java:65) ~[patched_1.8.8.jar:git-PaperSpigot-445]
	at org.bukkit.plugin.java.JavaPluginLoader.loadPlugin(JavaPluginLoader.java:129) ~[patched_1.8.8.jar:git-PaperSpigot-445]
	... 6 more
Caused by: java.lang.ClassNotFoundException: net.md_5.bungee.api.plugin.Plugin
	at java.net.URLClassLoader.findClass(URLClassLoader.java:377) ~[?:?]
	at org.bukkit.plugin.java.PluginClassLoader.findClass(PluginClassLoader.java:102) ~[patched_1.8.8.jar:git-PaperSpigot-445]
	at org.bukkit.plugin.java.PluginClassLoader.findClass(PluginClassLoader.java:87) ~[patched_1.8.8.jar:git-PaperSpigot-445]
	at java.lang.ClassLoader.loadClass(ClassLoader.java:557) ~[?:?]
	at java.lang.ClassLoader.loadClass(ClassLoader.java:490) ~[?:?]
	at java.lang.ClassLoader.defineClass1(Native Method) ~[?:?]
	at java.lang.ClassLoader.defineClass(ClassLoader.java:962) ~[?:?]
	at java.security.SecureClassLoader.defineClass(SecureClassLoader.java:144) ~[?:?]
	at java.net.URLClassLoader.defineClass(URLClassLoader.java:454) ~[?:?]
	at java.net.URLClassLoader.findClass(URLClassLoader.java:367) ~[?:?]
	at org.bukkit.plugin.java.PluginClassLoader.findClass(PluginClassLoader.java:102) ~[patched_1.8.8.jar:git-PaperSpigot-445]
	at org.bukkit.plugin.java.PluginClassLoader.findClass(PluginClassLoader.java:87) ~[patched_1.8.8.jar:git-PaperSpigot-445]
	at java.lang.ClassLoader.loadClass(ClassLoader.java:557) ~[?:?]
	at java.lang.ClassLoader.loadClass(ClassLoader.java:490) ~[?:?]
	at java.lang.Class.forName0(Native Method) ~[?:?]
	at java.lang.Class.forName(Class.java:547) ~[?:?]
	at org.bukkit.plugin.java.PluginClassLoader.<init>(PluginClassLoader.java:65) ~[patched_1.8.8.jar:git-PaperSpigot-445]
	at org.bukkit.plugin.java.JavaPluginLoader.loadPlugin(JavaPluginLoader.java:129) ~[patched_1.8.8.jar:git-PaperSpigot-445]
	... 6 more
[18:47:56] [Server thread/ERROR]: Could not load 'plugins/multiverse-inventories-4.2.6.jar' in folder 'plugins'
org.bukkit.plugin.InvalidPluginException: java.lang.NoClassDefFoundError: com/onarandombox/commandhandler/Command
	at org.bukkit.plugin.java.JavaPluginLoader.loadPlugin(JavaPluginLoader.java:133) ~[patched_1.8.8.jar:git-PaperSpigot-445]
	at org.bukkit.plugin.SimplePluginManager.loadPlugin(SimplePluginManager.java:331) ~[patched_1.8.8.jar:git-PaperSpigot-445]
	at org.bukkit.plugin.SimplePluginManager.loadPlugins(SimplePluginManager.java:254) [patched_1.8.8.jar:git-PaperSpigot-445]
	at org.bukkit.craftbukkit.v1_8_R3.CraftServer.loadPlugins(CraftServer.java:293) [patched_1.8.8.jar:git-PaperSpigot-445]
	at net.minecraft.server.v1_8_R3.DedicatedServer.init(DedicatedServer.java:202) [patched_1.8.8.jar:git-PaperSpigot-445]
	at net.minecraft.server.v1_8_R3.MinecraftServer.run(MinecraftServer.java:563) [patched_1.8.8.jar:git-PaperSpigot-445]
	at java.lang.Thread.run(Thread.java:1474) [?:?]
Caused by: java.lang.NoClassDefFoundError: com/onarandombox/commandhandler/Command
	at java.lang.Class.forName0(Native Method) ~[?:?]
	at java.lang.Class.forName(Class.java:547) ~[?:?]
	at org.bukkit.plugin.java.PluginClassLoader.<init>(PluginClassLoader.java:65) ~[patched_1.8.8.jar:git-PaperSpigot-445]
	at org.bukkit.plugin.java.JavaPluginLoader.loadPlugin(JavaPluginLoader.java:129) ~[patched_1.8.8.jar:git-PaperSpigot-445]
	... 6 more
Caused by: java.lang.ClassNotFoundException: com.onarandombox.commandhandler.Command
	at java.net.URLClassLoader.findClass(URLClassLoader.java:377) ~[?:?]
	at org.bukkit.plugin.java.PluginClassLoader.findClass(PluginClassLoader.java:102) ~[patched_1.8.8.jar:git-PaperSpigot-445]
	at org.bukkit.plugin.java.PluginClassLoader.findClass(PluginClassLoader.java:87) ~[patched_1.8.8.jar:git-PaperSpigot-445]
	at java.lang.ClassLoader.loadClass(ClassLoader.java:557) ~[?:?]
	at java.lang.ClassLoader.loadClass(ClassLoader.java:490) ~[?:?]
	at java.lang.Class.forName0(Native Method) ~[?:?]
	at java.lang.Class.forName(Class.java:547) ~[?:?]
	at org.bukkit.plugin.java.PluginClassLoader.<init>(PluginClassLoader.java:65) ~[patched_1.8.8.jar:git-PaperSpigot-445]
	at org.bukkit.plugin.java.JavaPluginLoader.loadPlugin(JavaPluginLoader.java:129) ~[patched_1.8.8.jar:git-PaperSpigot-445]
	... 6 more
[18:47:56] [Server thread/INFO]: [SimpleTpa] Loading SimpleTpa v6.4
[18:47:56] [Server thread/INFO]: [[EaglerPluginInstaller]] Loading EaglerPluginInstaller v1.1.4
[18:47:56] [Server thread/INFO]: [WorldEdit] Loading WorldEdit v6.1;no_git_id
[18:47:56] [Server thread/INFO]: [AdminFun] Loading AdminFun v2.0.7
[18:47:56] [Server thread/INFO]: [BitchFilter] Loading BitchFilter v1.0
[18:47:56] [Server thread/INFO]: [LoginSecurity] Loading LoginSecurity v3.2.0
[18:47:56] [Server thread/INFO]: [ClearLag] Loading ClearLag v2.3.1
[18:47:56] [Server thread/INFO]: [CMILib] Loading CMILib v1.4.6.1
[18:47:56] [Server thread/INFO]: [SimpleHomes] Loading SimpleHomes v2.2
[18:47:56] [Server thread/INFO]: [mcMMO] Loading mcMMO v1.4.06-b2121
[18:47:56] [Server thread/INFO]: [[EaglerPluginUpdater]] Loading EaglerPluginUpdater v1.1.2
[18:47:56] [Server thread/INFO]: [NBTAPI] Loading NBTAPI v2.12.3
[18:47:56] [Server thread/INFO]: [NBTAPI] Found Minecraft: v1_8_R3! Trying to find NMS support
[18:47:56] [Server thread/INFO]: [NBTAPI] NMS support 'MC1_8_R3' loaded!
[18:47:56] [Server thread/INFO]: [NBTAPI] Using the plugin 'NBTAPI' to create a bStats instance!
[18:47:56] [Server thread/INFO]: [Vault] Loading Vault v1.2.27-b349
[18:47:56] [Server thread/INFO]: [WorldGuard] Loading WorldGuard v5.7.5
[18:47:56] [Server thread/INFO]: [MyWarp] Loading MyWarp v2.6.1
[18:47:56] [Server thread/INFO]: [ASkyBlock] Loading ASkyBlock v3.0.9.4
[18:47:56] [Server thread/INFO]: [Essentials] Loading Essentials v2.21.0-dev+76-71ca7ff
[18:47:56] [Server thread/INFO]: [EssentialsChat] Loading EssentialsChat v2.21.0-dev+76-71ca7ff
[18:47:56] [Server thread/INFO]: [TAB] Loading TAB v4.1.2
[18:47:56] [Server thread/INFO]: [EssentialsSpawn] Loading EssentialsSpawn v2.21.0-dev+76-71ca7ff
[18:47:56] [Server thread/INFO]: [Multiverse-Core] Loading Multiverse-Core v2.5-b678
[18:47:56] [Server thread/INFO]: [TpLogin] Loading TpLogin v4.4.0
[18:47:56] [Server thread/INFO]: [mcMMO] Enabling mcMMO v1.4.06-b2121
[18:47:57] [Server thread/INFO]: [Vault] Enabling Vault v1.2.27-b349
[18:47:57] [Server thread/INFO]: [Vault][Economy] Essentials Economy found: Waiting
[18:47:57] [Server thread/INFO]: [Vault][Permission] SuperPermissions loaded as backup permission system.
[18:47:57] [Server thread/INFO]: [Vault] Enabled Version 1.2.27-b349
[18:47:57] [Server thread/INFO]: [ASkyBlock] Enabling ASkyBlock v3.0.9.4
[18:47:57] [Thread-5/WARN]: [NBTAPI] The NBT-API in 'NBTAPI' seems to be outdated!
[18:47:57] [Thread-5/WARN]: [NBTAPI] Current Version: '2.12.3' Newest Version: 2.15.5'
[18:47:57] [Thread-5/WARN]: [NBTAPI] Please update the NBTAPI or the plugin that contains the api(nag the mod author when the newest release has an old version, not the NBTAPI dev)!
[18:47:57] [Server thread/INFO]: [ASkyBlock] Loading entity limits
[18:47:57] [Server thread/INFO]: [ASkyBlock] HOPPER will be limited to 30
[18:47:57] [Server thread/WARN]: [ASkyBlock] Unknown material (BEETROOT_BLOCK) in blockvalues.yml blocks section. Skipping...
[18:47:57] [Server thread/WARN]: [ASkyBlock] Unknown material (BLACK_GLAZED_TERRACOTTA) in blockvalues.yml blocks section. Skipping...
[18:47:57] [Server thread/WARN]: [ASkyBlock] Unknown material (BLACK_SHULKER_BOX) in blockvalues.yml blocks section. Skipping...
[18:47:57] [Server thread/WARN]: [ASkyBlock] Unknown material (BLUE_GLAZED_TERRACOTTA) in blockvalues.yml blocks section. Skipping...
[18:47:57] [Server thread/WARN]: [ASkyBlock] Unknown material (BLUE_SHULKER_BOX) in blockvalues.yml blocks section. Skipping...
[18:47:57] [Server thread/WARN]: [ASkyBlock] Unknown material (BOAT_ACACIA) in blockvalues.yml blocks section. Skipping...
[18:47:57] [Server thread/WARN]: [ASkyBlock] Unknown material (BOAT_BIRCH) in blockvalues.yml blocks section. Skipping...
[18:47:57] [Server thread/WARN]: [ASkyBlock] Unknown material (BOAT_DARK_OAK) in blockvalues.yml blocks section. Skipping...
[18:47:57] [Server thread/WARN]: [ASkyBlock] Unknown material (BOAT_JUNGLE) in blockvalues.yml blocks section. Skipping...
[18:47:57] [Server thread/WARN]: [ASkyBlock] Unknown material (BOAT_SPRUCE) in blockvalues.yml blocks section. Skipping...
[18:47:57] [Server thread/WARN]: [ASkyBlock] Unknown material (BONE_BLOCK) in blockvalues.yml blocks section. Skipping...
[18:47:57] [Server thread/WARN]: [ASkyBlock] Unknown material (BROWN_GLAZED_TERRACOTTA) in blockvalues.yml blocks section. Skipping...
[18:47:57] [Server thread/WARN]: [ASkyBlock] Unknown material (BROWN_SHULKER_BOX) in blockvalues.yml blocks section. Skipping...
[18:47:57] [Server thread/WARN]: [ASkyBlock] Unknown material (CHORUS_FLOWER) in blockvalues.yml blocks section. Skipping...
[18:47:57] [Server thread/WARN]: [ASkyBlock] Unknown material (CHORUS_PLANT) in blockvalues.yml blocks section. Skipping...
[18:47:57] [Server thread/WARN]: [ASkyBlock] Unknown material (CONCRETE) in blockvalues.yml blocks section. Skipping...
[18:47:57] [Server thread/WARN]: [ASkyBlock] Unknown material (CONCRETE_POWDER) in blockvalues.yml blocks section. Skipping...
[18:47:57] [Server thread/WARN]: [ASkyBlock] Unknown material (CYAN_GLAZED_TERRACOTTA) in blockvalues.yml blocks section. Skipping...
[18:47:57] [Server thread/WARN]: [ASkyBlock] Unknown material (CYAN_SHULKER_BOX) in blockvalues.yml blocks section. Skipping...
[18:47:57] [Server thread/WARN]: [ASkyBlock] Unknown material (END_BRICKS) in blockvalues.yml blocks section. Skipping...
[18:47:57] [Server thread/WARN]: [ASkyBlock] Unknown material (FROSTED_ICE) in blockvalues.yml blocks section. Skipping...
[18:47:57] [Server thread/WARN]: [ASkyBlock] Unknown material (GRASS_PATH) in blockvalues.yml blocks section. Skipping...
[18:47:57] [Server thread/WARN]: [ASkyBlock] Unknown material (GRAY_GLAZED_TERRACOTTA) in blockvalues.yml blocks section. Skipping...
[18:47:57] [Server thread/WARN]: [ASkyBlock] Unknown material (GRAY_SHULKER_BOX) in blockvalues.yml blocks section. Skipping...
[18:47:57] [Server thread/WARN]: [ASkyBlock] Unknown material (GREEN_GLAZED_TERRACOTTA) in blockvalues.yml blocks section. Skipping...
[18:47:57] [Server thread/WARN]: [ASkyBlock] Unknown material (GREEN_SHULKER_BOX) in blockvalues.yml blocks section. Skipping...
[18:47:57] [Server thread/WARN]: [ASkyBlock] Unknown material (LIGHT_BLUE_GLAZED_TERRACOTTA) in blockvalues.yml blocks section. Skipping...
[18:47:57] [Server thread/WARN]: [ASkyBlock] Unknown material (LIGHT_BLUE_SHULKER_BOX) in blockvalues.yml blocks section. Skipping...
[18:47:57] [Server thread/WARN]: [ASkyBlock] Unknown material (LIME_GLAZED_TERRACOTTA) in blockvalues.yml blocks section. Skipping...
[18:47:58] [Server thread/WARN]: [ASkyBlock] Unknown material (LIME_SHULKER_BOX) in blockvalues.yml blocks section. Skipping...
[18:47:58] [Server thread/WARN]: [ASkyBlock] Unknown material (MAGENTA_GLAZED_TERRACOTTA) in blockvalues.yml blocks section. Skipping...
[18:47:58] [Server thread/WARN]: [ASkyBlock] Unknown material (MAGENTA_SHULKER_BOX) in blockvalues.yml blocks section. Skipping...
[18:47:58] [Server thread/WARN]: [ASkyBlock] Unknown material (MAGMA) in blockvalues.yml blocks section. Skipping...
[18:47:58] [Server thread/WARN]: [ASkyBlock] Unknown material (NETHER_WART_BLOCK) in blockvalues.yml blocks section. Skipping...
[18:47:58] [Server thread/WARN]: [ASkyBlock] Unknown material (OBSERVER) in blockvalues.yml blocks section. Skipping...
[18:47:58] [Server thread/WARN]: [ASkyBlock] Unknown material (ORANGE_GLAZED_TERRACOTTA) in blockvalues.yml blocks section. Skipping...
[18:47:58] [Server thread/WARN]: [ASkyBlock] Unknown material (ORANGE_SHULKER_BOX) in blockvalues.yml blocks section. Skipping...
[18:47:58] [Server thread/WARN]: [ASkyBlock] Unknown material (PINK_GLAZED_TERRACOTTA) in blockvalues.yml blocks section. Skipping...
[18:47:58] [Server thread/WARN]: [ASkyBlock] Unknown material (PINK_SHULKER_BOX) in blockvalues.yml blocks section. Skipping...
[18:47:58] [Server thread/WARN]: [ASkyBlock] Unknown material (PURPLE_GLAZED_TERRACOTTA) in blockvalues.yml blocks section. Skipping...
[18:47:58] [Server thread/WARN]: [ASkyBlock] Unknown material (PURPLE_SHULKER_BOX) in blockvalues.yml blocks section. Skipping...
[18:47:58] [Server thread/WARN]: [ASkyBlock] Unknown material (PURPUR_BLOCK) in blockvalues.yml blocks section. Skipping...
[18:47:58] [Server thread/WARN]: [ASkyBlock] Unknown material (PURPUR_DOUBLE_SLAB) in blockvalues.yml blocks section. Skipping...
[18:47:58] [Server thread/WARN]: [ASkyBlock] Unknown material (PURPUR_PILLAR) in blockvalues.yml blocks section. Skipping...
[18:47:58] [Server thread/WARN]: [ASkyBlock] Unknown material (PURPUR_SLAB) in blockvalues.yml blocks section. Skipping...
[18:47:58] [Server thread/WARN]: [ASkyBlock] Unknown material (PURPUR_STAIRS) in blockvalues.yml blocks section. Skipping...
[18:47:58] [Server thread/WARN]: [ASkyBlock] Unknown material (RED_GLAZED_TERRACOTTA) in blockvalues.yml blocks section. Skipping...
[18:47:58] [Server thread/WARN]: [ASkyBlock] Unknown material (RED_NETHER_BRICK) in blockvalues.yml blocks section. Skipping...
[18:47:58] [Server thread/WARN]: [ASkyBlock] Unknown material (RED_SHULKER_BOX) in blockvalues.yml blocks section. Skipping...
[18:47:58] [Server thread/WARN]: [ASkyBlock] Unknown material (SILVER_GLAZED_TERRACOTTA) in blockvalues.yml blocks section. Skipping...
[18:47:58] [Server thread/WARN]: [ASkyBlock] Unknown material (SILVER_SHULKER_BOX) in blockvalues.yml blocks section. Skipping...
[18:47:58] [Server thread/WARN]: [ASkyBlock] Unknown material (WHITE_GLAZED_TERRACOTTA) in blockvalues.yml blocks section. Skipping...
[18:47:58] [Server thread/WARN]: [ASkyBlock] Unknown material (WHITE_SHULKER_BOX) in blockvalues.yml blocks section. Skipping...
[18:47:58] [Server thread/WARN]: [ASkyBlock] Unknown material (YELLOW_GLAZED_TERRACOTTA) in blockvalues.yml blocks section. Skipping...
[18:47:58] [Server thread/WARN]: [ASkyBlock] Unknown material (YELLOW_SHULKER_BOX) in blockvalues.yml blocks section. Skipping...
[18:47:58] [Server thread/INFO]: [ASkyBlock] Loaded default island schematic.
[18:47:58] [Server thread/WARN]: Spawner setting of WITHER_SKELETON is unknown for this server. Skipping.
[18:47:58] [Server thread/INFO]: [ASkyBlock] Loaded default nether schematic.
[18:47:58] [Server thread/INFO]: [ASkyBlock] Loading schematic The Original (island.schematic) for all players, order 1
[18:47:58] [Server thread/WARN]: Spawner setting of WITHER_SKELETON is unknown for this server. Skipping.
[18:47:58] [Server thread/INFO]: [ASkyBlock] Loading schematic NetherBlock Island (nether.schematic) for all players, order 0
[18:47:58] [Server thread/INFO]: [ASkyBlock] Loading schematic Island Duo (double.schematic) for all players, order 2
[18:47:58] [Server thread/INFO]: [ASkyBlock] Loading schematic Black Diamonds (harder.schematic) for all players, order 3
[18:47:58] [Server thread/INFO]: [ASkyBlock] Loading offline messages...
[18:47:58] [Server thread/WARN]: **** SERVER IS RUNNING IN OFFLINE/INSECURE MODE!
[18:47:58] [Server thread/WARN]: The server will make no attempt to authenticate usernames. Beware.
[18:47:58] [Server thread/WARN]: Whilst this makes it possible to use BungeeCord, unless access to your server is properly restricted, it also opens up the ability for hackers to connect with any username they choose.
[18:47:58] [Server thread/WARN]: Please see http://www.spigotmc.org/wiki/firewall-guide/ for further information.
[18:47:58] [Server thread/WARN]: To change this, set "online-mode" to "true" in the server.properties file.
[18:47:58] [Server thread/INFO]: **** Beginning UUID conversion, this may take A LONG time ****
[18:47:58] [Server thread/INFO]: Preparing level "world"
[18:47:58] [Server thread/INFO]: -------- World Settings For [world] --------
[18:47:58] [Server thread/INFO]: Sending up to 10 chunks per packet
[18:47:58] [Server thread/INFO]: Max Entity Collisions: 8
[18:47:58] [Server thread/INFO]: Custom Map Seeds:  Village: 10387312 Feature: 14357617
[18:47:58] [Server thread/INFO]: Max TNT Explosions: 100
[18:47:58] [Server thread/INFO]: Tile Max Tick Time: 50ms Entity max Tick Time: 50ms
[18:47:58] [Server thread/INFO]: Anti X-Ray: true
[18:47:58] [Server thread/INFO]: 	Engine Mode: 1
[18:47:58] [Server thread/INFO]: 	Hidden Blocks: [14, 15, 16, 21, 48, 49, 54, 56, 73, 74, 82, 129, 130]
[18:47:58] [Server thread/INFO]: 	Replace Blocks: [1, 5]
[18:47:58] [Server thread/INFO]: Mob Spawn Range: 4
[18:47:58] [Server thread/INFO]: Nerfing mobs spawned from spawners: false
[18:47:58] [Server thread/INFO]: Cactus Growth Modifier: 100%
[18:47:58] [Server thread/INFO]: Cane Growth Modifier: 100%
[18:47:58] [Server thread/INFO]: Melon Growth Modifier: 100%
[18:47:58] [Server thread/INFO]: Mushroom Growth Modifier: 100%
[18:47:58] [Server thread/INFO]: Pumpkin Growth Modifier: 100%
[18:47:58] [Server thread/INFO]: Sapling Growth Modifier: 100%
[18:47:58] [Server thread/INFO]: Wheat Growth Modifier: 100%
[18:47:58] [Server thread/INFO]: NetherWart Growth Modifier: 100%
[18:47:58] [Server thread/INFO]: Entity Activation Range: An 32 / Mo 32 / Mi 16
[18:47:58] [Server thread/INFO]: Entity Tracking Range: Pl 48 / An 48 / Mo 48 / Mi 32 / Other 64
[18:47:58] [Server thread/INFO]: Hopper Transfer: 8 Hopper Check: 8 Hopper Amount: 1
[18:47:58] [Server thread/INFO]: Random Lighting Updates: false
[18:47:58] [Server thread/INFO]: Structure Info Saving: true
[18:47:58] [Server thread/INFO]: Item Merge Radius: 2.5
[18:47:58] [Server thread/INFO]: Item Despawn Rate: 6000
[18:47:58] [Server thread/INFO]: Arrow Despawn Rate: 1200
[18:47:58] [Server thread/INFO]: Allow Zombie Pigmen to spawn from portal blocks: true
[18:47:58] [Server thread/INFO]: View Distance: 4
[18:47:58] [Server thread/INFO]: Zombie Aggressive Towards Villager: true
[18:47:58] [Server thread/INFO]: Chunks to Grow per Tick: 650
[18:47:58] [Server thread/INFO]: Clear tick list: false
[18:47:58] [Server thread/INFO]: Experience Merge Radius: 3.0
[18:47:58] [Server thread/INFO]: -------- World Settings For [world] --------
[18:47:58] [Server thread/INFO]: Squids will spawn between Y: 45.0 and Y: 63.0
[18:47:58] [Server thread/INFO]: Max height for cactus growth 3. Max height for reed growth 3
[18:47:58] [Server thread/INFO]: Player blocking damage multiplier set to 0.5
[18:47:58] [Server thread/INFO]: Remove invalid mob spawner tile entities: true
[18:47:58] [Server thread/INFO]: Living Entity Despawn Ranges:  Soft: 32 Hard: 128
[18:47:58] [Server thread/INFO]: Water over lava flow speed: 5
[18:47:58] [Server thread/INFO]: Fix TNT cannons: false
[18:47:58] [Server thread/INFO]: Allow undead horse types to be leashed: false
[18:47:58] [Server thread/INFO]: Keep spawn chunk loaded: true
[18:47:58] [Server thread/INFO]: WorldServer TickNextTick cap set at 10000
[18:47:58] [Server thread/INFO]: WorldServer TickNextTickList cap always processes redstone: false
[18:47:58] [Server thread/INFO]: World async lighting: false
[18:47:58] [Server thread/INFO]: -------- World Settings For [world_nether] --------
[18:47:58] [Server thread/INFO]: Sending up to 10 chunks per packet
[18:47:58] [Server thread/INFO]: Max Entity Collisions: 8
[18:47:58] [Server thread/INFO]: Custom Map Seeds:  Village: 10387312 Feature: 14357617
[18:47:58] [Server thread/INFO]: Max TNT Explosions: 100
[18:47:58] [Server thread/INFO]: Tile Max Tick Time: 50ms Entity max Tick Time: 50ms
[18:47:58] [Server thread/INFO]: Anti X-Ray: true
[18:47:58] [Server thread/INFO]: 	Engine Mode: 1
[18:47:58] [Server thread/INFO]: 	Hidden Blocks: [14, 15, 16, 21, 48, 49, 54, 56, 73, 74, 82, 129, 130]
[18:47:58] [Server thread/INFO]: 	Replace Blocks: [1, 5]
[18:47:58] [Server thread/INFO]: Mob Spawn Range: 4
[18:47:58] [Server thread/INFO]: Nerfing mobs spawned from spawners: false
[18:47:58] [Server thread/INFO]: Cactus Growth Modifier: 100%
[18:47:58] [Server thread/INFO]: Cane Growth Modifier: 100%
[18:47:58] [Server thread/INFO]: Melon Growth Modifier: 100%
[18:47:58] [Server thread/INFO]: Mushroom Growth Modifier: 100%
[18:47:58] [Server thread/INFO]: Pumpkin Growth Modifier: 100%
[18:47:58] [Server thread/INFO]: Sapling Growth Modifier: 100%
[18:47:58] [Server thread/INFO]: Wheat Growth Modifier: 100%
[18:47:58] [Server thread/INFO]: NetherWart Growth Modifier: 100%
[18:47:58] [Server thread/INFO]: Entity Activation Range: An 32 / Mo 32 / Mi 16
[18:47:58] [Server thread/INFO]: Entity Tracking Range: Pl 48 / An 48 / Mo 48 / Mi 32 / Other 64
[18:47:58] [Server thread/INFO]: Hopper Transfer: 8 Hopper Check: 8 Hopper Amount: 1
[18:47:58] [Server thread/INFO]: Random Lighting Updates: false
[18:47:58] [Server thread/INFO]: Structure Info Saving: true
[18:47:58] [Server thread/INFO]: Item Merge Radius: 2.5
[18:47:58] [Server thread/INFO]: Item Despawn Rate: 6000
[18:47:58] [Server thread/INFO]: Arrow Despawn Rate: 1200
[18:47:58] [Server thread/INFO]: Allow Zombie Pigmen to spawn from portal blocks: true
[18:47:58] [Server thread/INFO]: View Distance: 4
[18:47:58] [Server thread/INFO]: Zombie Aggressive Towards Villager: true
[18:47:58] [Server thread/INFO]: Chunks to Grow per Tick: 650
[18:47:58] [Server thread/INFO]: Clear tick list: false
[18:47:58] [Server thread/INFO]: Experience Merge Radius: 3.0
[18:47:58] [Server thread/INFO]: -------- World Settings For [world_nether] --------
[18:47:58] [Server thread/INFO]: Squids will spawn between Y: 45.0 and Y: 63.0
[18:47:58] [Server thread/INFO]: Max height for cactus growth 3. Max height for reed growth 3
[18:47:58] [Server thread/INFO]: Player blocking damage multiplier set to 0.5
[18:47:58] [Server thread/INFO]: Remove invalid mob spawner tile entities: true
[18:47:58] [Server thread/INFO]: Living Entity Despawn Ranges:  Soft: 32 Hard: 128
[18:47:58] [Server thread/INFO]: Water over lava flow speed: 5
[18:47:58] [Server thread/INFO]: Fix TNT cannons: false
[18:47:58] [Server thread/INFO]: Allow undead horse types to be leashed: false
[18:47:58] [Server thread/INFO]: Keep spawn chunk loaded: true
[18:47:58] [Server thread/INFO]: WorldServer TickNextTick cap set at 10000
[18:47:58] [Server thread/INFO]: WorldServer TickNextTickList cap always processes redstone: false
[18:47:58] [Server thread/INFO]: World async lighting: false
[18:47:58] [Server thread/INFO]: -------- World Settings For [world_the_end] --------
[18:47:58] [Server thread/INFO]: Sending up to 10 chunks per packet
[18:47:58] [Server thread/INFO]: Max Entity Collisions: 8
[18:47:58] [Server thread/INFO]: Custom Map Seeds:  Village: 10387312 Feature: 14357617
[18:47:58] [Server thread/INFO]: Max TNT Explosions: 100
[18:47:58] [Server thread/INFO]: Tile Max Tick Time: 50ms Entity max Tick Time: 50ms
[18:47:58] [Server thread/INFO]: Anti X-Ray: true
[18:47:58] [Server thread/INFO]: 	Engine Mode: 1
[18:47:58] [Server thread/INFO]: 	Hidden Blocks: [14, 15, 16, 21, 48, 49, 54, 56, 73, 74, 82, 129, 130]
[18:47:58] [Server thread/INFO]: 	Replace Blocks: [1, 5]
[18:47:58] [Server thread/INFO]: Mob Spawn Range: 4
[18:47:58] [Server thread/INFO]: Nerfing mobs spawned from spawners: false
[18:47:58] [Server thread/INFO]: Cactus Growth Modifier: 100%
[18:47:58] [Server thread/INFO]: Cane Growth Modifier: 100%
[18:47:58] [Server thread/INFO]: Melon Growth Modifier: 100%
[18:47:58] [Server thread/INFO]: Mushroom Growth Modifier: 100%
[18:47:58] [Server thread/INFO]: Pumpkin Growth Modifier: 100%
[18:47:58] [Server thread/INFO]: Sapling Growth Modifier: 100%
[18:47:58] [Server thread/INFO]: Wheat Growth Modifier: 100%
[18:47:58] [Server thread/INFO]: NetherWart Growth Modifier: 100%
[18:47:58] [Server thread/INFO]: Entity Activation Range: An 32 / Mo 32 / Mi 16
[18:47:58] [Server thread/INFO]: Entity Tracking Range: Pl 48 / An 48 / Mo 48 / Mi 32 / Other 64
[18:47:58] [Server thread/INFO]: Hopper Transfer: 8 Hopper Check: 8 Hopper Amount: 1
[18:47:58] [Server thread/INFO]: Random Lighting Updates: false
[18:47:58] [Server thread/INFO]: Structure Info Saving: true
[18:47:58] [Server thread/INFO]: Item Merge Radius: 2.5
[18:47:58] [Server thread/INFO]: Item Despawn Rate: 6000
[18:47:58] [Server thread/INFO]: Arrow Despawn Rate: 1200
[18:47:58] [Server thread/INFO]: Allow Zombie Pigmen to spawn from portal blocks: true
[18:47:58] [Server thread/INFO]: View Distance: 4
[18:47:58] [Server thread/INFO]: Zombie Aggressive Towards Villager: true
[18:47:58] [Server thread/INFO]: Chunks to Grow per Tick: 650
[18:47:58] [Server thread/INFO]: Clear tick list: false
[18:47:58] [Server thread/INFO]: Experience Merge Radius: 3.0
[18:47:58] [Server thread/INFO]: -------- World Settings For [world_the_end] --------
[18:47:58] [Server thread/INFO]: Squids will spawn between Y: 45.0 and Y: 63.0
[18:47:58] [Server thread/INFO]: Max height for cactus growth 3. Max height for reed growth 3
[18:47:58] [Server thread/INFO]: Player blocking damage multiplier set to 0.5
[18:47:58] [Server thread/INFO]: Remove invalid mob spawner tile entities: true
[18:47:58] [Server thread/INFO]: Living Entity Despawn Ranges:  Soft: 32 Hard: 128
[18:47:58] [Server thread/INFO]: Water over lava flow speed: 5
[18:47:58] [Server thread/INFO]: Fix TNT cannons: false
[18:47:58] [Server thread/INFO]: Allow undead horse types to be leashed: false
[18:47:58] [Server thread/INFO]: Keep spawn chunk loaded: true
[18:47:58] [Server thread/INFO]: WorldServer TickNextTick cap set at 10000
[18:47:58] [Server thread/INFO]: WorldServer TickNextTickList cap always processes redstone: false
[18:47:58] [Server thread/INFO]: World async lighting: false
[18:47:58] [Server thread/INFO]: Preparing start region for level 0 (Seed: 7563828608599619304)
[18:47:58] [Server thread/INFO]: -------- World Settings For [ASkyBlock] --------
[18:47:58] [Server thread/INFO]: Sending up to 10 chunks per packet
[18:47:58] [Server thread/INFO]: Max Entity Collisions: 8
[18:47:58] [Server thread/INFO]: Custom Map Seeds:  Village: 10387312 Feature: 14357617
[18:47:58] [Server thread/INFO]: Max TNT Explosions: 100
[18:47:58] [Server thread/INFO]: Tile Max Tick Time: 50ms Entity max Tick Time: 50ms
[18:47:58] [Server thread/INFO]: Anti X-Ray: true
[18:47:58] [Server thread/INFO]: 	Engine Mode: 1
[18:47:58] [Server thread/INFO]: 	Hidden Blocks: [14, 15, 16, 21, 48, 49, 54, 56, 73, 74, 82, 129, 130]
[18:47:58] [Server thread/INFO]: 	Replace Blocks: [1, 5]
[18:47:58] [Server thread/INFO]: Mob Spawn Range: 4
[18:47:58] [Server thread/INFO]: Nerfing mobs spawned from spawners: false
[18:47:58] [Server thread/INFO]: Cactus Growth Modifier: 100%
[18:47:58] [Server thread/INFO]: Cane Growth Modifier: 100%
[18:47:58] [Server thread/INFO]: Melon Growth Modifier: 100%
[18:47:58] [Server thread/INFO]: Mushroom Growth Modifier: 100%
[18:47:58] [Server thread/INFO]: Pumpkin Growth Modifier: 100%
[18:47:58] [Server thread/INFO]: Sapling Growth Modifier: 100%
[18:47:58] [Server thread/INFO]: Wheat Growth Modifier: 100%
[18:47:58] [Server thread/INFO]: NetherWart Growth Modifier: 100%
[18:47:58] [Server thread/INFO]: Entity Activation Range: An 32 / Mo 32 / Mi 16
[18:47:58] [Server thread/INFO]: Entity Tracking Range: Pl 48 / An 48 / Mo 48 / Mi 32 / Other 64
[18:47:58] [Server thread/INFO]: Hopper Transfer: 8 Hopper Check: 8 Hopper Amount: 1
[18:47:58] [Server thread/INFO]: Random Lighting Updates: false
[18:47:58] [Server thread/INFO]: Structure Info Saving: true
[18:47:58] [Server thread/INFO]: Item Merge Radius: 2.5
[18:47:58] [Server thread/INFO]: Item Despawn Rate: 6000
[18:47:58] [Server thread/INFO]: Arrow Despawn Rate: 1200
[18:47:58] [Server thread/INFO]: Allow Zombie Pigmen to spawn from portal blocks: true
[18:47:58] [Server thread/INFO]: View Distance: 4
[18:47:58] [Server thread/INFO]: Zombie Aggressive Towards Villager: true
[18:47:58] [Server thread/INFO]: Chunks to Grow per Tick: 650
[18:47:58] [Server thread/INFO]: Clear tick list: false
[18:47:58] [Server thread/INFO]: Experience Merge Radius: 3.0
[18:47:58] [Server thread/INFO]: -------- World Settings For [ASkyBlock] --------
[18:47:58] [Server thread/INFO]: Squids will spawn between Y: 45.0 and Y: 63.0
[18:47:58] [Server thread/INFO]: Max height for cactus growth 3. Max height for reed growth 3
[18:47:58] [Server thread/INFO]: Player blocking damage multiplier set to 0.5
[18:47:58] [Server thread/INFO]: Remove invalid mob spawner tile entities: true
[18:47:58] [Server thread/INFO]: Living Entity Despawn Ranges:  Soft: 32 Hard: 128
[18:47:58] [Server thread/INFO]: Water over lava flow speed: 5
[18:47:58] [Server thread/INFO]: Fix TNT cannons: false
[18:47:58] [Server thread/INFO]: Allow undead horse types to be leashed: false
[18:47:58] [Server thread/INFO]: Keep spawn chunk loaded: true
[18:47:58] [Server thread/INFO]: WorldServer TickNextTick cap set at 10000
[18:47:58] [Server thread/INFO]: WorldServer TickNextTickList cap always processes redstone: false
[18:47:58] [Server thread/INFO]: World async lighting: false
[18:47:58] [Server thread/INFO]: Preparing start region for level 3 (Seed: 3988931283538284912)
[18:47:58] [Server thread/INFO]: Creating ASkyBlock's Nether...
[18:47:58] [Server thread/INFO]: -------- World Settings For [ASkyBlock_nether] --------
[18:47:58] [Server thread/INFO]: Sending up to 10 chunks per packet
[18:47:58] [Server thread/INFO]: Max Entity Collisions: 8
[18:47:58] [Server thread/INFO]: Custom Map Seeds:  Village: 10387312 Feature: 14357617
[18:47:58] [Server thread/INFO]: Max TNT Explosions: 100
[18:47:58] [Server thread/INFO]: Tile Max Tick Time: 50ms Entity max Tick Time: 50ms
[18:47:58] [Server thread/INFO]: Anti X-Ray: true
[18:47:58] [Server thread/INFO]: 	Engine Mode: 1
[18:47:58] [Server thread/INFO]: 	Hidden Blocks: [14, 15, 16, 21, 48, 49, 54, 56, 73, 74, 82, 129, 130]
[18:47:58] [Server thread/INFO]: 	Replace Blocks: [1, 5]
[18:47:58] [Server thread/INFO]: Mob Spawn Range: 4
[18:47:58] [Server thread/INFO]: Nerfing mobs spawned from spawners: false
[18:47:58] [Server thread/INFO]: Cactus Growth Modifier: 100%
[18:47:58] [Server thread/INFO]: Cane Growth Modifier: 100%
[18:47:58] [Server thread/INFO]: Melon Growth Modifier: 100%
[18:47:58] [Server thread/INFO]: Mushroom Growth Modifier: 100%
[18:47:58] [Server thread/INFO]: Pumpkin Growth Modifier: 100%
[18:47:58] [Server thread/INFO]: Sapling Growth Modifier: 100%
[18:47:58] [Server thread/INFO]: Wheat Growth Modifier: 100%
[18:47:58] [Server thread/INFO]: NetherWart Growth Modifier: 100%
[18:47:58] [Server thread/INFO]: Entity Activation Range: An 32 / Mo 32 / Mi 16
[18:47:58] [Server thread/INFO]: Entity Tracking Range: Pl 48 / An 48 / Mo 48 / Mi 32 / Other 64
[18:47:58] [Server thread/INFO]: Hopper Transfer: 8 Hopper Check: 8 Hopper Amount: 1
[18:47:58] [Server thread/INFO]: Random Lighting Updates: false
[18:47:58] [Server thread/INFO]: Structure Info Saving: true
[18:47:58] [Server thread/INFO]: Item Merge Radius: 2.5
[18:47:58] [Server thread/INFO]: Item Despawn Rate: 6000
[18:47:58] [Server thread/INFO]: Arrow Despawn Rate: 1200
[18:47:58] [Server thread/INFO]: Allow Zombie Pigmen to spawn from portal blocks: true
[18:47:58] [Server thread/INFO]: View Distance: 4
[18:47:58] [Server thread/INFO]: Zombie Aggressive Towards Villager: true
[18:47:58] [Server thread/INFO]: Chunks to Grow per Tick: 650
[18:47:58] [Server thread/INFO]: Clear tick list: false
[18:47:58] [Server thread/INFO]: Experience Merge Radius: 3.0
[18:47:58] [Server thread/INFO]: -------- World Settings For [ASkyBlock_nether] --------
[18:47:58] [Server thread/INFO]: Squids will spawn between Y: 45.0 and Y: 63.0
[18:47:58] [Server thread/INFO]: Max height for cactus growth 3. Max height for reed growth 3
[18:47:58] [Server thread/INFO]: Player blocking damage multiplier set to 0.5
[18:47:58] [Server thread/INFO]: Remove invalid mob spawner tile entities: true
[18:47:58] [Server thread/INFO]: Living Entity Despawn Ranges:  Soft: 32 Hard: 128
[18:47:58] [Server thread/INFO]: Water over lava flow speed: 5
[18:47:58] [Server thread/INFO]: Fix TNT cannons: false
[18:47:58] [Server thread/INFO]: Allow undead horse types to be leashed: false
[18:47:58] [Server thread/INFO]: Keep spawn chunk loaded: true
[18:47:58] [Server thread/INFO]: WorldServer TickNextTick cap set at 10000
[18:47:58] [Server thread/INFO]: WorldServer TickNextTickList cap always processes redstone: false
[18:47:58] [Server thread/INFO]: World async lighting: false
[18:47:58] [Server thread/INFO]: Preparing start region for level 4 (Seed: -5357471203124930639)
[18:47:59] [Server thread/INFO]: Preparing spawn area: 7%
[18:48:00] [Server thread/INFO]: Preparing spawn area: 88%
[18:48:00] [Server thread/INFO]: Preparing start region for level 1 (Seed: 7563828608599619304)
[18:48:01] [Server thread/INFO]: Preparing start region for level 2 (Seed: 7563828608599619304)
[18:48:01] [Server thread/INFO]: Preparing start region for level 3 (Seed: 3988931283538284912)
[18:48:01] [Server thread/INFO]: Preparing start region for level 4 (Seed: -5357471203124930639)
[18:48:01] [Server thread/INFO]: [SimpleTpa] Enabling SimpleTpa v6.4
[18:48:01] [Server thread/INFO]: [0;33;1m[21m[SimpleTpa] If you need support contact me at https://discord.gg/SZUkza9[m

[18:48:01] [Server thread/INFO]: [0;33;1m[21m[SimpleTpa] Simple Tpa has been enabled on version 6.4[m

[18:48:01] [Server thread/INFO]: Enabled metrics. You may opt-out by changing plugins/bStats/config.yml
[18:48:01] [Server thread/INFO]: [[EaglerPluginInstaller]] Enabling EaglerPluginInstaller v1.1.4
[18:48:01] [Server thread/INFO]: Check 1 passed

[18:48:01] [Server thread/INFO]: Check 3 passed

[18:48:01] [Server thread/INFO]: --------------------------------------------[m

[18:48:01] [Server thread/INFO]: --------------------------------------------[m

[18:48:01] [Server thread/INFO]: [0;32;1m[EaglerPluginInstaller][0;36;1m EaglerPluginInstaller V1.1.5 is now Enabled! :D[m

[18:48:01] [Server thread/INFO]: To use PluginInstaller, run the command "/install <pluginname>" ("install <pluginname>" in console) to install a plugin[m

[18:48:01] [Server thread/INFO]: To get a list of installable plugins, use the command "/plist" or "plist" in console[m

[18:48:01] [Server thread/INFO]: You can request to add a new plugin to the database by going to https://github.com/darverdevs/PluginInstallerRepo/tree/main[m

[18:48:01] [Server thread/INFO]: and creating an issue or pull request of the plugin you want to add[m

[18:48:01] [Server thread/INFO]: --------------------------------------------[m

[18:48:01] [Server thread/INFO]: --------------------------------------------[m

[18:48:01] [Server thread/INFO]: [WorldEdit] Enabling WorldEdit v6.1;no_git_id
[18:48:01] [Server thread/INFO]: WEPIF: Using the Bukkit Permissions API.
[18:48:02] [Server thread/INFO]: [WorldEdit] Using com.sk89q.worldedit.bukkit.adapter.impl.Spigot_v1_8_R3 as the Bukkit adapter
[18:48:02] [Server thread/INFO]: [AdminFun] Enabling AdminFun v2.0.7
[18:48:02] [Server thread/INFO]: AdminFun v2.0.7 is now enabled.
[18:48:02] [Server thread/INFO]: [BitchFilter] Enabling BitchFilter v1.0
[18:48:02] [Server thread/INFO]: [LoginSecurity] Enabling LoginSecurity v3.2.0
[18:48:02] [Server thread/INFO]: [LoginSecurity] Loading base translations from "en_us"
[18:48:02] [Server thread/INFO]: [LoginSecurity] Loading specified translations from "en_us"
[18:48:02] [Server thread/INFO]: [LoginSecurity] Registering commands...
[18:48:02] [Server thread/INFO]: [LoginSecurity] Registering listeners...
[18:48:02] [Server thread/INFO]: [ClearLag] Enabling ClearLag v2.3.1
[18:48:02] [Server thread/INFO]: [ClearLag] Checking for a new update...
[18:48:02] [Thread-8/WARN]: [ClearLag] Could not reach dev.bukkit.org for update checking. Is it offline?
[18:48:02] [Server thread/INFO]: [ClearLag] Update found! Downloading...
[18:48:02] [Server thread/INFO]: [ClearLag] New clearlag will be enabled on restart!
[18:48:02] [Server thread/INFO]: [ClearLag] ClearLag is now enabled.
[18:48:02] [Server thread/INFO]: [CMILib] Enabling CMILib v1.4.6.1
[18:48:03] [Server thread/INFO]: [0;36;22mServer version: v1_8_R3 - 1.8.8 - spigot  git-PaperSpigot-445 (MC: 1.8.8)[m

[18:48:03] [Server thread/INFO]: Updated (EN) language file. Took [0;33;22m37ms[m

[18:48:03] [Server thread/INFO]: [SimpleHomes] Enabling SimpleHomes v2.2
[18:48:03] [Server thread/INFO]: [[EaglerPluginUpdater]] Enabling EaglerPluginUpdater v1.1.2
[18:48:03] [Server thread/INFO]: [[EaglerPluginInstaller]] Disabling EaglerPluginInstaller v1.1.4
[18:48:03] [Server thread/INFO]: --------------------------------------------[m

[18:48:03] [Server thread/INFO]: --------------------------------------------[m

[18:48:03] [Server thread/INFO]: [0;32;1m[EaglerPluginInstaller][0;36;1m PluginInstaller V1.1.5 is now Disabled! D:[m

[18:48:03] [Server thread/INFO]: --------------------------------------------[m

[18:48:03] [Server thread/INFO]: --------------------------------------------[m

[18:48:03] [Server thread/INFO]: [[EaglerPluginInstaller]] Enabling EaglerPluginInstaller v1.1.4
[18:48:03] [Server thread/INFO]: Check 1 passed

[18:48:04] [Server thread/INFO]: Check 3 passed

[18:48:04] [Server thread/INFO]: --------------------------------------------[m

[18:48:04] [Server thread/INFO]: --------------------------------------------[m

[18:48:04] [Server thread/INFO]: [0;32;1m[EaglerPluginInstaller][0;36;1m EaglerPluginInstaller V1.1.5 is now Enabled! :D[m

[18:48:04] [Server thread/INFO]: To use PluginInstaller, run the command "/install <pluginname>" ("install <pluginname>" in console) to install a plugin[m

[18:48:04] [Server thread/INFO]: To get a list of installable plugins, use the command "/plist" or "plist" in console[m

[18:48:04] [Server thread/INFO]: You can request to add a new plugin to the database by going to https://github.com/darverdevs/PluginInstallerRepo/tree/main[m

[18:48:04] [Server thread/INFO]: and creating an issue or pull request of the plugin you want to add[m

[18:48:04] [Server thread/INFO]: --------------------------------------------[m

[18:48:04] [Server thread/INFO]: --------------------------------------------[m

[18:48:04] [Server thread/INFO]: --------------------------------------------[m

[18:48:04] [Server thread/INFO]: --------------------------------------------[m

[18:48:04] [Server thread/INFO]: [0;32;1m[EaglerPluginUpdater][0;36;1m EaglerPluginUpdater V1.1.2 is now Enabled! :D[m

[18:48:04] [Server thread/INFO]: You do not need to do anything, this plugin will automatically update your PluginUpdater on startup[m

[18:48:04] [Server thread/INFO]: --------------------------------------------[m

[18:48:04] [Server thread/INFO]: --------------------------------------------[m

[18:48:04] [Server thread/INFO]: [NBTAPI] Enabling NBTAPI v2.12.3
[18:48:04] [Server thread/INFO]: [NBTAPI] Adding listeners...
[18:48:04] [Server thread/INFO]: [NBTAPI] Checking bindings...
[18:48:04] [Server thread/INFO]: [NBTAPI] All Classes were able to link!
[18:48:04] [Server thread/INFO]: [NBTAPI] All Methods were able to link!
[18:48:04] [Server thread/INFO]: [NBTAPI] Running NBT reflection test...
[18:48:04] [Server thread/INFO]: [NBTAPI] Success! This version of NBT-API is compatible with your server.
[18:48:04] [Server thread/INFO]: [WorldGuard] Enabling WorldGuard v5.7.5
[18:48:04] [Server thread/INFO]: [WorldGuard] (world) TNT ignition is PERMITTED.
[18:48:04] [Server thread/INFO]: [WorldGuard] (world) Lighters are PERMITTED.
[18:48:04] [Server thread/INFO]: [WorldGuard] (world) Lava fire is blocked.
[18:48:04] [Server thread/INFO]: [WorldGuard] (world) Fire spread is UNRESTRICTED.
[18:48:04] [Server thread/INFO]: [WorldGuard] Loaded configuration for world 'world'
[18:48:04] [Server thread/INFO]: [WorldGuard] (world_nether) TNT ignition is PERMITTED.
[18:48:04] [Server thread/INFO]: [WorldGuard] (world_nether) Lighters are PERMITTED.
[18:48:04] [Server thread/INFO]: [WorldGuard] (world_nether) Lava fire is blocked.
[18:48:04] [Server thread/INFO]: [WorldGuard] (world_nether) Fire spread is UNRESTRICTED.
[18:48:04] [Server thread/INFO]: [WorldGuard] Loaded configuration for world 'world_nether'
[18:48:04] [Server thread/INFO]: [WorldGuard] (world_the_end) TNT ignition is PERMITTED.
[18:48:04] [Server thread/INFO]: [WorldGuard] (world_the_end) Lighters are PERMITTED.
[18:48:04] [Server thread/INFO]: [WorldGuard] (world_the_end) Lava fire is blocked.
[18:48:04] [Server thread/INFO]: [WorldGuard] (world_the_end) Fire spread is UNRESTRICTED.
[18:48:04] [Server thread/INFO]: [WorldGuard] Loaded configuration for world 'world_the_end'
[18:48:04] [Server thread/INFO]: [WorldGuard] (ASkyBlock) TNT ignition is PERMITTED.
[18:48:04] [Server thread/INFO]: [WorldGuard] (ASkyBlock) Lighters are PERMITTED.
[18:48:04] [Server thread/INFO]: [WorldGuard] (ASkyBlock) Lava fire is blocked.
[18:48:04] [Server thread/INFO]: [WorldGuard] (ASkyBlock) Fire spread is UNRESTRICTED.
[18:48:04] [Server thread/INFO]: [WorldGuard] Loaded configuration for world 'ASkyBlock'
[18:48:04] [Server thread/INFO]: [WorldGuard] (ASkyBlock_nether) TNT ignition is PERMITTED.
[18:48:04] [Server thread/INFO]: [WorldGuard] (ASkyBlock_nether) Lighters are PERMITTED.
[18:48:04] [Server thread/INFO]: [WorldGuard] (ASkyBlock_nether) Lava fire is blocked.
[18:48:04] [Server thread/INFO]: [WorldGuard] (ASkyBlock_nether) Fire spread is UNRESTRICTED.
[18:48:04] [Server thread/INFO]: [WorldGuard] Loaded configuration for world 'ASkyBlock_nether'
[18:48:04] [Server thread/INFO]: [WorldGuard] 1 regions loaded for 'world'
[18:48:04] [Server thread/INFO]: [WorldGuard] 0 regions loaded for 'world_nether'
[18:48:04] [Server thread/INFO]: [WorldGuard] 0 regions loaded for 'world_the_end'
[18:48:04] [Server thread/INFO]: [WorldGuard] 0 regions loaded for 'ASkyBlock'
[18:48:04] [Server thread/INFO]: [WorldGuard] 0 regions loaded for 'ASkyBlock_nether'
[18:48:04] [Server thread/INFO]: [MyWarp] Enabling MyWarp v2.6.1
[18:48:04] [Server thread/ERROR]: [MyWarp] Failed to create default config.yml , using build-in defaults: 
java.io.FileNotFoundException: plugins/MyWarp/config.yml (Is a directory)
	at java.io.FileOutputStream.open0(Native Method) ~[?:?]
	at java.io.FileOutputStream.open(FileOutputStream.java:255) ~[?:?]
	at java.io.FileOutputStream.<init>(FileOutputStream.java:210) ~[?:?]
	at java.io.FileOutputStream.<init>(FileOutputStream.java:171) ~[?:?]
	at org.bukkit.configuration.file.FileConfiguration.save(FileConfiguration.java:105) ~[patched_1.8.8.jar:git-PaperSpigot-445]
	at me.taylorkelly.mywarp.WarpSettings.getYAMLConfig(WarpSettings.java:125) [Mywarp.jar:?]
	at me.taylorkelly.mywarp.WarpSettings.<init>(WarpSettings.java:75) [Mywarp.jar:?]
	at me.taylorkelly.mywarp.MyWarp.onEnable(MyWarp.java:226) [Mywarp.jar:?]
	at org.bukkit.plugin.java.JavaPlugin.setEnabled(JavaPlugin.java:321) [patched_1.8.8.jar:git-PaperSpigot-445]
	at org.bukkit.plugin.java.JavaPluginLoader.enablePlugin(JavaPluginLoader.java:332) [patched_1.8.8.jar:git-PaperSpigot-445]
	at org.bukkit.plugin.SimplePluginManager.enablePlugin(SimplePluginManager.java:407) [patched_1.8.8.jar:git-PaperSpigot-445]
	at org.bukkit.craftbukkit.v1_8_R3.CraftServer.loadPlugin(CraftServer.java:359) [patched_1.8.8.jar:git-PaperSpigot-445]
	at org.bukkit.craftbukkit.v1_8_R3.CraftServer.enablePlugins(CraftServer.java:318) [patched_1.8.8.jar:git-PaperSpigot-445]
	at net.minecraft.server.v1_8_R3.MinecraftServer.s(MinecraftServer.java:408) [patched_1.8.8.jar:git-PaperSpigot-445]
	at net.minecraft.server.v1_8_R3.MinecraftServer.k(MinecraftServer.java:372) [patched_1.8.8.jar:git-PaperSpigot-445]
	at net.minecraft.server.v1_8_R3.MinecraftServer.a(MinecraftServer.java:327) [patched_1.8.8.jar:git-PaperSpigot-445]
	at net.minecraft.server.v1_8_R3.DedicatedServer.init(DedicatedServer.java:267) [patched_1.8.8.jar:git-PaperSpigot-445]
	at net.minecraft.server.v1_8_R3.MinecraftServer.run(MinecraftServer.java:563) [patched_1.8.8.jar:git-PaperSpigot-445]
	at java.lang.Thread.run(Thread.java:1474) [?:?]
[18:48:04] [Server thread/INFO]: [MyWarp] Using Vault for group support
[18:48:04] [Server thread/INFO]: [MyWarp] 0 warps loaded
[18:48:04] [Server thread/INFO]: [MyWarp] Using localization: en_US
[18:48:04] [Server thread/INFO]: [Essentials] Enabling Essentials v2.21.0-dev+76-71ca7ff
[18:48:04] [Server thread/INFO]: You are running a server with limited API functionality. EssentialsX will still work, but certain features may be disabled.
[18:48:04] [Server thread/INFO]: Attempting to convert old kits in config.yml to new kits.yml
[18:48:04] [Server thread/INFO]: No kits found to migrate.
[18:48:04] [Thread-9/INFO]: UUID of player dingy_is_hot is 8138aa81-df13-3329-9cc7-1952ffee2a02
[18:48:05] [Server thread/INFO]: Loaded 853 items from items.csv.
[18:48:05] [Server thread/INFO]: Using locale en_US
[18:48:05] [Server thread/INFO]: ServerListPingEvent: Spigot iterator API
[18:48:05] [Server thread/INFO]: Starting Metrics. Opt-out using the global bStats config.
[18:48:05] [Server thread/INFO]: [Vault][Economy] Essentials Economy hooked.
[18:48:05] [Server thread/INFO]: Using superperms-based permissions.
[18:48:05] [Server thread/INFO]: [EssentialsChat] Enabling EssentialsChat v2.21.0-dev+76-71ca7ff
[18:48:05] [Server thread/INFO]: Starting Metrics. Opt-out using the global bStats config.
[18:48:05] [Server thread/INFO]: [TAB] Enabling TAB v4.1.2
[18:48:05] [Server thread/INFO]: [TAB] [0;32;1mEnabled in 210ms[m

[18:48:05] [Server thread/INFO]: [EssentialsSpawn] Enabling EssentialsSpawn v2.21.0-dev+76-71ca7ff
[18:48:05] [Server thread/INFO]: Starting Metrics. Opt-out using the global bStats config.
[18:48:05] [Server thread/INFO]: [Multiverse-Core] Enabling Multiverse-Core v2.5-b678
[18:48:05] [Server thread/INFO]: [Multiverse-Core] [AllPay] - Version 13.0 - hooked into Essentials Economy for Multiverse-Core v2.5-b678
[18:48:05] [Server thread/INFO]: -------- World Settings For [Spleef] --------
[18:48:05] [Server thread/INFO]: Sending up to 10 chunks per packet
[18:48:05] [Server thread/INFO]: Max Entity Collisions: 8
[18:48:05] [Server thread/INFO]: Custom Map Seeds:  Village: 10387312 Feature: 14357617
[18:48:05] [Server thread/INFO]: Max TNT Explosions: 100
[18:48:05] [Server thread/INFO]: Tile Max Tick Time: 50ms Entity max Tick Time: 50ms
[18:48:05] [Server thread/INFO]: Anti X-Ray: true
[18:48:05] [Server thread/INFO]: 	Engine Mode: 1
[18:48:05] [Server thread/INFO]: 	Hidden Blocks: [14, 15, 16, 21, 48, 49, 54, 56, 73, 74, 82, 129, 130]
[18:48:05] [Server thread/INFO]: 	Replace Blocks: [1, 5]
[18:48:05] [Server thread/INFO]: Mob Spawn Range: 4
[18:48:05] [Server thread/INFO]: Nerfing mobs spawned from spawners: false
[18:48:05] [Server thread/INFO]: Cactus Growth Modifier: 100%
[18:48:05] [Server thread/INFO]: Cane Growth Modifier: 100%
[18:48:05] [Server thread/INFO]: Melon Growth Modifier: 100%
[18:48:05] [Server thread/INFO]: Mushroom Growth Modifier: 100%
[18:48:05] [Server thread/INFO]: Pumpkin Growth Modifier: 100%
[18:48:05] [Server thread/INFO]: Sapling Growth Modifier: 100%
[18:48:05] [Server thread/INFO]: Wheat Growth Modifier: 100%
[18:48:05] [Server thread/INFO]: NetherWart Growth Modifier: 100%
[18:48:05] [Server thread/INFO]: Entity Activation Range: An 32 / Mo 32 / Mi 16
[18:48:05] [Server thread/INFO]: Entity Tracking Range: Pl 48 / An 48 / Mo 48 / Mi 32 / Other 64
[18:48:05] [Server thread/INFO]: Hopper Transfer: 8 Hopper Check: 8 Hopper Amount: 1
[18:48:05] [Server thread/INFO]: Random Lighting Updates: false
[18:48:05] [Server thread/INFO]: Structure Info Saving: true
[18:48:05] [Server thread/INFO]: Item Merge Radius: 2.5
[18:48:05] [Server thread/INFO]: Item Despawn Rate: 6000
[18:48:05] [Server thread/INFO]: Arrow Despawn Rate: 1200
[18:48:05] [Server thread/INFO]: Allow Zombie Pigmen to spawn from portal blocks: true
[18:48:05] [Server thread/INFO]: View Distance: 4
[18:48:05] [Server thread/INFO]: Zombie Aggressive Towards Villager: true
[18:48:05] [Server thread/INFO]: Chunks to Grow per Tick: 650
[18:48:05] [Server thread/INFO]: Clear tick list: false
[18:48:05] [Server thread/INFO]: Experience Merge Radius: 3.0
[18:48:05] [Server thread/INFO]: -------- World Settings For [Spleef] --------
[18:48:05] [Server thread/INFO]: Squids will spawn between Y: 45.0 and Y: 63.0
[18:48:05] [Server thread/INFO]: Max height for cactus growth 3. Max height for reed growth 3
[18:48:05] [Server thread/INFO]: Player blocking damage multiplier set to 0.5
[18:48:05] [Server thread/INFO]: Remove invalid mob spawner tile entities: true
[18:48:05] [Server thread/INFO]: Living Entity Despawn Ranges:  Soft: 32 Hard: 128
[18:48:05] [Server thread/INFO]: Water over lava flow speed: 5
[18:48:05] [Server thread/INFO]: Fix TNT cannons: false
[18:48:05] [Server thread/INFO]: Allow undead horse types to be leashed: false
[18:48:05] [Server thread/INFO]: Keep spawn chunk loaded: true
[18:48:05] [Server thread/INFO]: WorldServer TickNextTick cap set at 10000
[18:48:05] [Server thread/INFO]: WorldServer TickNextTickList cap always processes redstone: false
[18:48:05] [Server thread/INFO]: World async lighting: false
[18:48:05] [Server thread/INFO]: Preparing start region for level 5 (Seed: 7856147500796471414)
[18:48:06] [Server thread/INFO]: [WorldGuard] (Spleef) TNT ignition is PERMITTED.
[18:48:06] [Server thread/INFO]: [WorldGuard] (Spleef) Lighters are PERMITTED.
[18:48:06] [Server thread/INFO]: [WorldGuard] (Spleef) Lava fire is blocked.
[18:48:06] [Server thread/INFO]: [WorldGuard] (Spleef) Fire spread is UNRESTRICTED.
[18:48:06] [Server thread/INFO]: [WorldGuard] Loaded configuration for world 'Spleef'
[18:48:06] [Server thread/INFO]: -------- World Settings For [PVP] --------
[18:48:06] [Server thread/INFO]: Sending up to 10 chunks per packet
[18:48:06] [Server thread/INFO]: Max Entity Collisions: 8
[18:48:06] [Server thread/INFO]: Custom Map Seeds:  Village: 10387312 Feature: 14357617
[18:48:06] [Server thread/INFO]: Max TNT Explosions: 100
[18:48:06] [Server thread/INFO]: Tile Max Tick Time: 50ms Entity max Tick Time: 50ms
[18:48:06] [Server thread/INFO]: Anti X-Ray: true
[18:48:06] [Server thread/INFO]: 	Engine Mode: 1
[18:48:06] [Server thread/INFO]: 	Hidden Blocks: [14, 15, 16, 21, 48, 49, 54, 56, 73, 74, 82, 129, 130]
[18:48:06] [Server thread/INFO]: 	Replace Blocks: [1, 5]
[18:48:06] [Server thread/INFO]: Mob Spawn Range: 4
[18:48:06] [Server thread/INFO]: Nerfing mobs spawned from spawners: false
[18:48:06] [Server thread/INFO]: Cactus Growth Modifier: 100%
[18:48:06] [Server thread/INFO]: Cane Growth Modifier: 100%
[18:48:06] [Server thread/INFO]: Melon Growth Modifier: 100%
[18:48:06] [Server thread/INFO]: Mushroom Growth Modifier: 100%
[18:48:06] [Server thread/INFO]: Pumpkin Growth Modifier: 100%
[18:48:06] [Server thread/INFO]: Sapling Growth Modifier: 100%
[18:48:06] [Server thread/INFO]: Wheat Growth Modifier: 100%
[18:48:06] [Server thread/INFO]: NetherWart Growth Modifier: 100%
[18:48:06] [Server thread/INFO]: Entity Activation Range: An 32 / Mo 32 / Mi 16
[18:48:06] [Server thread/INFO]: Entity Tracking Range: Pl 48 / An 48 / Mo 48 / Mi 32 / Other 64
[18:48:06] [Server thread/INFO]: Hopper Transfer: 8 Hopper Check: 8 Hopper Amount: 1
[18:48:06] [Server thread/INFO]: Random Lighting Updates: false
[18:48:06] [Server thread/INFO]: Structure Info Saving: true
[18:48:06] [Server thread/INFO]: Item Merge Radius: 2.5
[18:48:06] [Server thread/INFO]: Item Despawn Rate: 6000
[18:48:06] [Server thread/INFO]: Arrow Despawn Rate: 1200
[18:48:06] [Server thread/INFO]: Allow Zombie Pigmen to spawn from portal blocks: true
[18:48:06] [Server thread/INFO]: View Distance: 4
[18:48:06] [Server thread/INFO]: Zombie Aggressive Towards Villager: true
[18:48:06] [Server thread/INFO]: Chunks to Grow per Tick: 650
[18:48:06] [Server thread/INFO]: Clear tick list: false
[18:48:06] [Server thread/INFO]: Experience Merge Radius: 3.0
[18:48:06] [Server thread/INFO]: -------- World Settings For [PVP] --------
[18:48:06] [Server thread/INFO]: Squids will spawn between Y: 45.0 and Y: 63.0
[18:48:06] [Server thread/INFO]: Max height for cactus growth 3. Max height for reed growth 3
[18:48:06] [Server thread/INFO]: Player blocking damage multiplier set to 0.5
[18:48:06] [Server thread/INFO]: Remove invalid mob spawner tile entities: true
[18:48:06] [Server thread/INFO]: Living Entity Despawn Ranges:  Soft: 32 Hard: 128
[18:48:06] [Server thread/INFO]: Water over lava flow speed: 5
[18:48:06] [Server thread/INFO]: Fix TNT cannons: false
[18:48:06] [Server thread/INFO]: Allow undead horse types to be leashed: false
[18:48:06] [Server thread/INFO]: Keep spawn chunk loaded: true
[18:48:06] [Server thread/INFO]: WorldServer TickNextTick cap set at 10000
[18:48:06] [Server thread/INFO]: WorldServer TickNextTickList cap always processes redstone: false
[18:48:06] [Server thread/INFO]: World async lighting: false
[18:48:06] [Server thread/INFO]: Preparing start region for level 6 (Seed: -1146785101101151444)
[18:48:06] [Server thread/INFO]: [WorldGuard] (PVP) TNT ignition is PERMITTED.
[18:48:06] [Server thread/INFO]: [WorldGuard] (PVP) Lighters are PERMITTED.
[18:48:06] [Server thread/INFO]: [WorldGuard] (PVP) Lava fire is blocked.
[18:48:06] [Server thread/INFO]: [WorldGuard] (PVP) Fire spread is UNRESTRICTED.
[18:48:06] [Server thread/INFO]: [WorldGuard] Loaded configuration for world 'PVP'
[18:48:06] [Server thread/INFO]: -------- World Settings For [Survival] --------
[18:48:06] [Server thread/INFO]: Sending up to 10 chunks per packet
[18:48:06] [Server thread/INFO]: Max Entity Collisions: 8
[18:48:06] [Server thread/INFO]: Custom Map Seeds:  Village: 10387312 Feature: 14357617
[18:48:06] [Server thread/INFO]: Max TNT Explosions: 100
[18:48:06] [Server thread/INFO]: Tile Max Tick Time: 50ms Entity max Tick Time: 50ms
[18:48:06] [Server thread/INFO]: Anti X-Ray: true
[18:48:06] [Server thread/INFO]: 	Engine Mode: 1
[18:48:06] [Server thread/INFO]: 	Hidden Blocks: [14, 15, 16, 21, 48, 49, 54, 56, 73, 74, 82, 129, 130]
[18:48:06] [Server thread/INFO]: 	Replace Blocks: [1, 5]
[18:48:06] [Server thread/INFO]: Mob Spawn Range: 4
[18:48:06] [Server thread/INFO]: Nerfing mobs spawned from spawners: false
[18:48:06] [Server thread/INFO]: Cactus Growth Modifier: 100%
[18:48:06] [Server thread/INFO]: Cane Growth Modifier: 100%
[18:48:06] [Server thread/INFO]: Melon Growth Modifier: 100%
[18:48:06] [Server thread/INFO]: Mushroom Growth Modifier: 100%
[18:48:06] [Server thread/INFO]: Pumpkin Growth Modifier: 100%
[18:48:06] [Server thread/INFO]: Sapling Growth Modifier: 100%
[18:48:06] [Server thread/INFO]: Wheat Growth Modifier: 100%
[18:48:06] [Server thread/INFO]: NetherWart Growth Modifier: 100%
[18:48:06] [Server thread/INFO]: Entity Activation Range: An 32 / Mo 32 / Mi 16
[18:48:06] [Server thread/INFO]: Entity Tracking Range: Pl 48 / An 48 / Mo 48 / Mi 32 / Other 64
[18:48:06] [Server thread/INFO]: Hopper Transfer: 8 Hopper Check: 8 Hopper Amount: 1
[18:48:06] [Server thread/INFO]: Random Lighting Updates: false
[18:48:06] [Server thread/INFO]: Structure Info Saving: true
[18:48:06] [Server thread/INFO]: Item Merge Radius: 2.5
[18:48:06] [Server thread/INFO]: Item Despawn Rate: 6000
[18:48:06] [Server thread/INFO]: Arrow Despawn Rate: 1200
[18:48:06] [Server thread/INFO]: Allow Zombie Pigmen to spawn from portal blocks: true
[18:48:06] [Server thread/INFO]: View Distance: 4
[18:48:06] [Server thread/INFO]: Zombie Aggressive Towards Villager: true
[18:48:06] [Server thread/INFO]: Chunks to Grow per Tick: 650
[18:48:06] [Server thread/INFO]: Clear tick list: false
[18:48:06] [Server thread/INFO]: Experience Merge Radius: 3.0
[18:48:06] [Server thread/INFO]: -------- World Settings For [Survival] --------
[18:48:06] [Server thread/INFO]: Squids will spawn between Y: 45.0 and Y: 63.0
[18:48:06] [Server thread/INFO]: Max height for cactus growth 3. Max height for reed growth 3
[18:48:06] [Server thread/INFO]: Player blocking damage multiplier set to 0.5
[18:48:06] [Server thread/INFO]: Remove invalid mob spawner tile entities: true
[18:48:06] [Server thread/INFO]: Living Entity Despawn Ranges:  Soft: 32 Hard: 128
[18:48:06] [Server thread/INFO]: Water over lava flow speed: 5
[18:48:06] [Server thread/INFO]: Fix TNT cannons: false
[18:48:06] [Server thread/INFO]: Allow undead horse types to be leashed: false
[18:48:06] [Server thread/INFO]: Keep spawn chunk loaded: true
[18:48:06] [Server thread/INFO]: WorldServer TickNextTick cap set at 10000
[18:48:06] [Server thread/INFO]: WorldServer TickNextTickList cap always processes redstone: false
[18:48:06] [Server thread/INFO]: World async lighting: false
[18:48:06] [Server thread/INFO]: Preparing start region for level 7 (Seed: -1712892483101401488)
[18:48:07] [Server thread/INFO]: Preparing spawn area for Survival, 69%

[18:48:07] [Server thread/INFO]: [WorldGuard] (Survival) TNT ignition is PERMITTED.
[18:48:07] [Server thread/INFO]: [WorldGuard] (Survival) Lighters are PERMITTED.
[18:48:07] [Server thread/INFO]: [WorldGuard] (Survival) Lava fire is blocked.
[18:48:07] [Server thread/INFO]: [WorldGuard] (Survival) Fire spread is UNRESTRICTED.
[18:48:07] [Server thread/INFO]: [WorldGuard] Loaded configuration for world 'Survival'
[18:48:07] [Server thread/INFO]: -------- World Settings For [Spawn] --------
[18:48:07] [Server thread/INFO]: Sending up to 10 chunks per packet
[18:48:07] [Server thread/INFO]: Max Entity Collisions: 8
[18:48:07] [Server thread/INFO]: Custom Map Seeds:  Village: 10387312 Feature: 14357617
[18:48:07] [Server thread/INFO]: Max TNT Explosions: 100
[18:48:07] [Server thread/INFO]: Tile Max Tick Time: 50ms Entity max Tick Time: 50ms
[18:48:07] [Server thread/INFO]: Anti X-Ray: true
[18:48:07] [Server thread/INFO]: 	Engine Mode: 1
[18:48:07] [Server thread/INFO]: 	Hidden Blocks: [14, 15, 16, 21, 48, 49, 54, 56, 73, 74, 82, 129, 130]
[18:48:07] [Server thread/INFO]: 	Replace Blocks: [1, 5]
[18:48:07] [Server thread/INFO]: Mob Spawn Range: 4
[18:48:07] [Server thread/INFO]: Nerfing mobs spawned from spawners: false
[18:48:07] [Server thread/INFO]: Cactus Growth Modifier: 100%
[18:48:07] [Server thread/INFO]: Cane Growth Modifier: 100%
[18:48:07] [Server thread/INFO]: Melon Growth Modifier: 100%
[18:48:07] [Server thread/INFO]: Mushroom Growth Modifier: 100%
[18:48:07] [Server thread/INFO]: Pumpkin Growth Modifier: 100%
[18:48:07] [Server thread/INFO]: Sapling Growth Modifier: 100%
[18:48:07] [Server thread/INFO]: Wheat Growth Modifier: 100%
[18:48:07] [Server thread/INFO]: NetherWart Growth Modifier: 100%
[18:48:07] [Server thread/INFO]: Entity Activation Range: An 32 / Mo 32 / Mi 16
[18:48:07] [Server thread/INFO]: Entity Tracking Range: Pl 48 / An 48 / Mo 48 / Mi 32 / Other 64
[18:48:07] [Server thread/INFO]: Hopper Transfer: 8 Hopper Check: 8 Hopper Amount: 1
[18:48:07] [Server thread/INFO]: Random Lighting Updates: false
[18:48:07] [Server thread/INFO]: Structure Info Saving: true
[18:48:07] [Server thread/INFO]: Item Merge Radius: 2.5
[18:48:07] [Server thread/INFO]: Item Despawn Rate: 6000
[18:48:07] [Server thread/INFO]: Arrow Despawn Rate: 1200
[18:48:07] [Server thread/INFO]: Allow Zombie Pigmen to spawn from portal blocks: true
[18:48:07] [Server thread/INFO]: View Distance: 4
[18:48:07] [Server thread/INFO]: Zombie Aggressive Towards Villager: true
[18:48:07] [Server thread/INFO]: Chunks to Grow per Tick: 650
[18:48:07] [Server thread/INFO]: Clear tick list: false
[18:48:07] [Server thread/INFO]: Experience Merge Radius: 3.0
[18:48:07] [Server thread/INFO]: -------- World Settings For [Spawn] --------
[18:48:07] [Server thread/INFO]: Squids will spawn between Y: 45.0 and Y: 63.0
[18:48:07] [Server thread/INFO]: Max height for cactus growth 3. Max height for reed growth 3
[18:48:07] [Server thread/INFO]: Player blocking damage multiplier set to 0.5
[18:48:07] [Server thread/INFO]: Remove invalid mob spawner tile entities: true
[18:48:07] [Server thread/INFO]: Living Entity Despawn Ranges:  Soft: 32 Hard: 128
[18:48:07] [Server thread/INFO]: Water over lava flow speed: 5
[18:48:07] [Server thread/INFO]: Fix TNT cannons: false
[18:48:07] [Server thread/INFO]: Allow undead horse types to be leashed: false
[18:48:07] [Server thread/INFO]: Keep spawn chunk loaded: true
[18:48:07] [Server thread/INFO]: WorldServer TickNextTick cap set at 10000
[18:48:07] [Server thread/INFO]: WorldServer TickNextTickList cap always processes redstone: false
[18:48:07] [Server thread/INFO]: World async lighting: false
[18:48:07] [Server thread/INFO]: Preparing start region for level 8 (Seed: -7019640682759476638)
[18:48:08] [Server thread/INFO]: [WorldGuard] (Spawn) TNT ignition is PERMITTED.
[18:48:08] [Server thread/INFO]: [WorldGuard] (Spawn) Lighters are PERMITTED.
[18:48:08] [Server thread/INFO]: [WorldGuard] (Spawn) Lava fire is blocked.
[18:48:08] [Server thread/INFO]: [WorldGuard] (Spawn) Fire spread is UNRESTRICTED.
[18:48:08] [Server thread/INFO]: [WorldGuard] Loaded configuration for world 'Spawn'
[18:48:08] [Server thread/INFO]: [Multiverse-Core] 9 - World(s) loaded.
[18:48:08] [Server thread/INFO]: [Multiverse-Core] Version 2.5-b678 (API v18) Enabled - By Rigby, fernferret, lithium3141 and main--
[18:48:08] [Server thread/INFO]: [TpLogin] Enabling TpLogin v4.4.0
[18:48:08] [Server thread/INFO]: [TpLogin] Essentials(X) found. Enabling Hook.
[18:48:08] [Server thread/INFO]: Server permissions file permissions.yml is empty, ignoring it
[18:48:08] [Server thread/INFO]: Done (10.041s)! For help, type "help" or "?"
[18:48:08] [Server thread/INFO]: Timings Reset
[18:48:08] [Server thread/INFO]: [ASkyBlock] Silencing command feedback for Ops...
[18:48:08] [Server thread/INFO]: Game rule has been updated
[18:48:08] [Server thread/INFO]: [ASkyBlock] If you do not want this, do /gamerule sendCommandFeedback true
[18:48:08] [Server thread/INFO]: [ASkyBlock] Checking for new updates...
[18:48:08] [Server thread/INFO]: Essentials found a compatible payment resolution method: Vault Compatibility Layer (v1.2.27-b349)!
[18:48:08] [Craft Scheduler Thread - 1/INFO]: [Metrics] Connection refused
[18:48:08] [Craft Scheduler Thread - 0/INFO]: §6Fetching version information...
[18:48:08] [Server thread/INFO]: [ASkyBlock] Loading island grid...
[18:48:08] [Server thread/INFO]: [ASkyBlock] Loading islands.yml
[18:48:08] [Craft Scheduler Thread - 1/WARN]: [Fatal Error] :6:3: The element type "hr" must be terminated by the matching end-tag "</hr>".

[18:48:08] [Server thread/INFO]: [ASkyBlock] Loading warps...
[18:48:08] [Server thread/INFO]: [ASkyBlock] Loading warp panel...
[18:48:08] [Server thread/INFO]: [ASkyBlock] Loading Top Ten
[18:48:08] [Craft Scheduler Thread - 2/INFO]: [0;31;1m[21m[SimpleTpa] There is a new update available.[m

[18:48:08] [Craft Scheduler Thread - 2/INFO]: [0;31;1m[SimpleTpa] There is a new update available:[m

[18:48:08] [Craft Scheduler Thread - 3/INFO]: [0;32;22mNew version of CMILib was detected. Please update it[m

[18:48:08] [Craft Scheduler Thread - 2/INFO]: [0;31;1m[SimpleTpa] https://www.spigotmc.org/resources/simple-tpa.64270/[m

[18:48:08] [Server thread/INFO]: [ASkyBlock] All files loaded. Ready to play...
[18:48:08] [Server thread/INFO]: [ASkyBlock] Metrics loaded.
[18:48:08] [Server thread/INFO]: [WorldGuard] 0 regions loaded for 'Spawn'
[18:48:08] [Server thread/INFO]: is leader = false
[18:48:08] [Craft Scheduler Thread - 0/WARN]: §4You're §c235 §4EssentialsX dev build(s) out of date!
[18:48:08] [Craft Scheduler Thread - 0/WARN]: §4Download it here:§c https://essentialsx.net/downloads.html
[18:48:08] [Server thread/INFO]: [WorldGuard] 0 regions loaded for 'Survival'
[18:48:08] [Server thread/ERROR]: Could not pass event PlayerChangedWorldEvent to mcMMO v1.4.06-b2121
org.bukkit.event.EventException: null
	at org.bukkit.plugin.java.JavaPluginLoader$1.execute(JavaPluginLoader.java:302) ~[patched_1.8.8.jar:git-PaperSpigot-445]
	at co.aikar.timings.TimedEventExecutor.execute(TimedEventExecutor.java:78) ~[patched_1.8.8.jar:git-PaperSpigot-445]
	at org.bukkit.plugin.RegisteredListener.callEvent(RegisteredListener.java:62) ~[patched_1.8.8.jar:git-PaperSpigot-445]
	at org.bukkit.plugin.SimplePluginManager.fireEvent(SimplePluginManager.java:517) [patched_1.8.8.jar:git-PaperSpigot-445]
	at org.bukkit.plugin.SimplePluginManager.callEvent(SimplePluginManager.java:502) [patched_1.8.8.jar:git-PaperSpigot-445]
	at net.minecraft.server.v1_8_R3.PlayerList.moveToWorld(PlayerList.java:644) [patched_1.8.8.jar:git-PaperSpigot-445]
	at org.bukkit.craftbukkit.v1_8_R3.entity.CraftPlayer.teleport(CraftPlayer.java:568) [patched_1.8.8.jar:git-PaperSpigot-445]
	at org.bukkit.craftbukkit.v1_8_R3.entity.CraftEntity.teleport(CraftEntity.java:236) [patched_1.8.8.jar:git-PaperSpigot-445]
	at me.Joshb.TpLogin.Listeners.OnJoin.onJoin(OnJoin.java:177) [TpLogin-4.4.0.jar:?]
	at jdk.internal.reflect.DirectMethodHandleAccessor.invoke(DirectMethodHandleAccessor.java:104) ~[?:?]
	at java.lang.reflect.Method.invoke(Method.java:565) ~[?:?]
	at org.bukkit.plugin.java.JavaPluginLoader$1.execute(JavaPluginLoader.java:300) [patched_1.8.8.jar:git-PaperSpigot-445]
	at co.aikar.timings.TimedEventExecutor.execute(TimedEventExecutor.java:78) [patched_1.8.8.jar:git-PaperSpigot-445]
	at org.bukkit.plugin.RegisteredListener.callEvent(RegisteredListener.java:62) [patched_1.8.8.jar:git-PaperSpigot-445]
	at org.bukkit.plugin.SimplePluginManager.fireEvent(SimplePluginManager.java:517) [patched_1.8.8.jar:git-PaperSpigot-445]
	at org.bukkit.plugin.SimplePluginManager.callEvent(SimplePluginManager.java:502) [patched_1.8.8.jar:git-PaperSpigot-445]
	at net.minecraft.server.v1_8_R3.PlayerList.onPlayerJoin(PlayerList.java:314) [patched_1.8.8.jar:git-PaperSpigot-445]
	at net.minecraft.server.v1_8_R3.PlayerList.a(PlayerList.java:173) [patched_1.8.8.jar:git-PaperSpigot-445]
	at net.minecraft.server.v1_8_R3.LoginListener.b(LoginListener.java:144) [patched_1.8.8.jar:git-PaperSpigot-445]
	at net.minecraft.server.v1_8_R3.LoginListener.c(LoginListener.java:54) [patched_1.8.8.jar:git-PaperSpigot-445]
	at net.minecraft.server.v1_8_R3.NetworkManager.a(NetworkManager.java:231) [patched_1.8.8.jar:git-PaperSpigot-445]
	at net.minecraft.server.v1_8_R3.ServerConnection.c(ServerConnection.java:148) [patched_1.8.8.jar:git-PaperSpigot-445]
	at net.minecraft.server.v1_8_R3.MinecraftServer.B(MinecraftServer.java:875) [patched_1.8.8.jar:git-PaperSpigot-445]
	at net.minecraft.server.v1_8_R3.DedicatedServer.B(DedicatedServer.java:378) [patched_1.8.8.jar:git-PaperSpigot-445]
	at net.minecraft.server.v1_8_R3.MinecraftServer.A(MinecraftServer.java:713) [patched_1.8.8.jar:git-PaperSpigot-445]
	at net.minecraft.server.v1_8_R3.MinecraftServer.run(MinecraftServer.java:616) [patched_1.8.8.jar:git-PaperSpigot-445]
	at java.lang.Thread.run(Thread.java:1474) [?:?]
Caused by: java.lang.NullPointerException: Cannot invoke "com.gmail.nossr50.datatypes.player.McMMOPlayer.getGodMode()" because "mcMMOPlayer" is null
	at com.gmail.nossr50.listeners.PlayerListener.onPlayerWorldChange(PlayerListener.java:121) ~[?:?]
	at jdk.internal.reflect.DirectMethodHandleAccessor.invoke(DirectMethodHandleAccessor.java:104) ~[?:?]
	at java.lang.reflect.Method.invoke(Method.java:565) ~[?:?]
	at org.bukkit.plugin.java.JavaPluginLoader$1.execute(JavaPluginLoader.java:300) ~[patched_1.8.8.jar:git-PaperSpigot-445]
	... 26 more
[18:48:08] [Server thread/INFO]: dingy_is_hot[/[0:0:0:0:0:0:0:1]:47108] logged in with entity id 188 at ([world]185.0, 144.0, -186.0)
[18:48:09] [Server thread/INFO]: [ASkyBlock] No update available.
[18:48:24] [Server thread/INFO]: CommandBlock at 24,160,-12 issued server command: /tp dingy_is_hot -2082 67 5427
[18:48:50] [Thread-11/INFO]: UUID of player ItsNiki is 6a0b8c65-33c9-3271-8ba3-98bfdfead9d4
[18:48:50] [Server thread/INFO]: is leader = false
[18:48:50] [Server thread/ERROR]: Could not pass event PlayerChangedWorldEvent to mcMMO v1.4.06-b2121
org.bukkit.event.EventException: null
	at org.bukkit.plugin.java.JavaPluginLoader$1.execute(JavaPluginLoader.java:302) ~[patched_1.8.8.jar:git-PaperSpigot-445]
	at co.aikar.timings.TimedEventExecutor.execute(TimedEventExecutor.java:78) ~[patched_1.8.8.jar:git-PaperSpigot-445]
	at org.bukkit.plugin.RegisteredListener.callEvent(RegisteredListener.java:62) ~[patched_1.8.8.jar:git-PaperSpigot-445]
	at org.bukkit.plugin.SimplePluginManager.fireEvent(SimplePluginManager.java:517) [patched_1.8.8.jar:git-PaperSpigot-445]
	at org.bukkit.plugin.SimplePluginManager.callEvent(SimplePluginManager.java:502) [patched_1.8.8.jar:git-PaperSpigot-445]
	at net.minecraft.server.v1_8_R3.PlayerList.moveToWorld(PlayerList.java:644) [patched_1.8.8.jar:git-PaperSpigot-445]
	at org.bukkit.craftbukkit.v1_8_R3.entity.CraftPlayer.teleport(CraftPlayer.java:568) [patched_1.8.8.jar:git-PaperSpigot-445]
	at org.bukkit.craftbukkit.v1_8_R3.entity.CraftEntity.teleport(CraftEntity.java:236) [patched_1.8.8.jar:git-PaperSpigot-445]
	at me.Joshb.TpLogin.Listeners.OnJoin.onJoin(OnJoin.java:177) [TpLogin-4.4.0.jar:?]
	at jdk.internal.reflect.DirectMethodHandleAccessor.invoke(DirectMethodHandleAccessor.java:104) ~[?:?]
	at java.lang.reflect.Method.invoke(Method.java:565) ~[?:?]
	at org.bukkit.plugin.java.JavaPluginLoader$1.execute(JavaPluginLoader.java:300) [patched_1.8.8.jar:git-PaperSpigot-445]
	at co.aikar.timings.TimedEventExecutor.execute(TimedEventExecutor.java:78) [patched_1.8.8.jar:git-PaperSpigot-445]
	at org.bukkit.plugin.RegisteredListener.callEvent(RegisteredListener.java:62) [patched_1.8.8.jar:git-PaperSpigot-445]
	at org.bukkit.plugin.SimplePluginManager.fireEvent(SimplePluginManager.java:517) [patched_1.8.8.jar:git-PaperSpigot-445]
	at org.bukkit.plugin.SimplePluginManager.callEvent(SimplePluginManager.java:502) [patched_1.8.8.jar:git-PaperSpigot-445]
	at net.minecraft.server.v1_8_R3.PlayerList.onPlayerJoin(PlayerList.java:314) [patched_1.8.8.jar:git-PaperSpigot-445]
	at net.minecraft.server.v1_8_R3.PlayerList.a(PlayerList.java:173) [patched_1.8.8.jar:git-PaperSpigot-445]
	at net.minecraft.server.v1_8_R3.LoginListener.b(LoginListener.java:144) [patched_1.8.8.jar:git-PaperSpigot-445]
	at net.minecraft.server.v1_8_R3.LoginListener.c(LoginListener.java:54) [patched_1.8.8.jar:git-PaperSpigot-445]
	at net.minecraft.server.v1_8_R3.NetworkManager.a(NetworkManager.java:231) [patched_1.8.8.jar:git-PaperSpigot-445]
	at net.minecraft.server.v1_8_R3.ServerConnection.c(ServerConnection.java:148) [patched_1.8.8.jar:git-PaperSpigot-445]
	at net.minecraft.server.v1_8_R3.MinecraftServer.B(MinecraftServer.java:875) [patched_1.8.8.jar:git-PaperSpigot-445]
	at net.minecraft.server.v1_8_R3.DedicatedServer.B(DedicatedServer.java:378) [patched_1.8.8.jar:git-PaperSpigot-445]
	at net.minecraft.server.v1_8_R3.MinecraftServer.A(MinecraftServer.java:713) [patched_1.8.8.jar:git-PaperSpigot-445]
	at net.minecraft.server.v1_8_R3.MinecraftServer.run(MinecraftServer.java:616) [patched_1.8.8.jar:git-PaperSpigot-445]
	at java.lang.Thread.run(Thread.java:1474) [?:?]
Caused by: java.lang.NullPointerException: Cannot invoke "com.gmail.nossr50.datatypes.player.McMMOPlayer.getGodMode()" because "mcMMOPlayer" is null
	at com.gmail.nossr50.listeners.PlayerListener.onPlayerWorldChange(PlayerListener.java:121) ~[?:?]
	at jdk.internal.reflect.DirectMethodHandleAccessor.invoke(DirectMethodHandleAccessor.java:104) ~[?:?]
	at java.lang.reflect.Method.invoke(Method.java:565) ~[?:?]
	at org.bukkit.plugin.java.JavaPluginLoader$1.execute(JavaPluginLoader.java:300) ~[patched_1.8.8.jar:git-PaperSpigot-445]
	... 26 more
[18:48:50] [Server thread/INFO]: ItsNiki[/[0:0:0:0:0:0:0:1]:50736] logged in with entity id 657 at ([world]185.0, 144.0, -186.0)
[18:49:00] [Server thread/INFO]: dingy_is_hot issued server command: /gamemode c
[18:49:33] [Server thread/INFO]: CommandBlock at 185,142,-185 issued server command: /gamemode adventure ItsNiki
[18:49:45] [Server thread/INFO]: CommandBlock at 24,160,-12 issued server command: /tp ItsNiki -2082 67 5427
[18:50:28] [Server thread/INFO]: dingy_is_hot issued server command: //wand
[18:50:57] [Server thread/INFO]: dingy_is_hot issued server command: /
[18:51:05] [Server thread/INFO]: dingy_is_hot issued server command: //pos1
[18:51:26] [Server thread/INFO]: dingy_is_hot issued server command: //pos2
[18:51:29] [Server thread/INFO]: dingy_is_hot issued server command: //fast
[18:51:33] [Server thread/INFO]: dingy_is_hot issued server command: //copy
[18:51:49] [Server thread/INFO]: dingy_is_hot issued server command: /mvspawn
[18:51:56] [Server thread/INFO]: dingy_is_hot issued server command: /mvtp world
[18:51:56] [Server thread/INFO]: CommandBlock at 185,142,-185 issued server command: /gamemode adventure dingy_is_hot
[18:52:02] [Server thread/INFO]: dingy_is_hot issued server command: /gamemode c
[18:52:27] [Server thread/INFO]: dingy_is_hot issued server command: //paste
[18:53:32] [Server thread/INFO]: dingy_is_hot issued server command: /tp @p[r=9] 238 82 -135
[18:53:34] [Server thread/INFO]: dingy_is_hot issued server command: /tp @p[r=9] 238 82 -135
[18:53:35] [Server thread/INFO]: dingy_is_hot issued server command: /tp @p[r=9] 238 82 -135
[18:53:41] [Server thread/INFO]: dingy_is_hot issued server command: /tp @a dingy_is_hot
[18:53:47] [Server thread/INFO]: dingy_is_hot issued server command: /tp ItsNiki dingy_is_hot
[18:54:09] [Server thread/INFO]: dingy_is_hot issued server command: /give dingy_is_hot commandblock
[18:54:17] [Server thread/INFO]: dingy_is_hot issued server command: /tp @p[r=9] 238 82 -135
[18:54:19] [Server thread/INFO]: CommandBlock at 184,143,-189 issued server command: /tp dingy_is_hot 238 82 -135
[18:54:30] [Server thread/INFO]: dingy_is_hot issued server command: /gamemode s
[18:54:48] [Server thread/INFO]: [0;33;22m[0;31;22m[ClearLag] [0;31;1mWarning Ground items will be removed in one minute![m

[18:55:40] [Server thread/INFO]: [@: Object successfully summoned]
[18:55:46] [Server thread/INFO]: ItsNiki issued server command: /sethome 2
[18:55:48] [Server thread/INFO]: [0;33;22m[0;33;22m[ClearLag] [0;32;1mRemoved 9 Entities![m

[18:55:50] [Server thread/INFO]: [@: Object successfully summoned]
[18:56:10] [Server thread/INFO]: [@: Object successfully summoned]
[18:56:32] [Server thread/INFO]: dingy_is_hot issued server command: /give dingy_is_hot minecart
[18:56:51] [Server thread/INFO]: CommandBlock at 122,67,-131 issued server command: /tp ItsNiki 157 71 -192
[18:58:08] [Craft Scheduler Thread - 6/INFO]: [Metrics] Connection refused
[19:00:24] [Server thread/INFO]: ItsNiki issued server command: /tpa dingus_is_hot
[19:00:24] [Server thread/INFO]: dingy_is_hot issued server command: /tphere ItsNiki
[19:00:32] [Server thread/INFO]: ItsNiki issued server command: /sethome 3
[19:01:00] [Server thread/INFO]: dingy_is_hot tried to swim in lava
[19:01:01] [Server thread/INFO]: CommandBlock at 185,142,-185 issued server command: /gamemode adventure dingy_is_hot
[19:01:09] [Server thread/INFO]: dingy_is_hot issued server command: /tp dingy_is_hot ItsNiki
[19:01:24] [Server thread/INFO]: dingy_is_hot issued server command: /gamerule keepInventory true
[19:01:24] [Server thread/INFO]: [dingy_is_hot: Game rule has been updated]
[19:01:28] [Server thread/INFO]: [0;33;22m[0;31;22m[ClearLag] [0;31;1mWarning Ground items will be removed in one minute![m

[19:01:29] [Server thread/INFO]: dingy_is_hot tried to swim in lava
[19:01:30] [Server thread/INFO]: CommandBlock at 185,142,-185 issued server command: /gamemode adventure dingy_is_hot
[19:01:40] [Server thread/INFO]: CommandBlock at 184,143,-189 issued server command: /tp dingy_is_hot 238 82 -135
[19:01:54] [Server thread/INFO]: dingy_is_hot issued server command: /gamerule keepInventory true
[19:01:54] [Server thread/INFO]: [dingy_is_hot: Game rule has been updated]
[19:01:57] [Server thread/INFO]: dingy_is_hot issued server command: /gamerule keepInventory true
[19:01:57] [Server thread/INFO]: [dingy_is_hot: Game rule has been updated]
[19:02:00] [Server thread/INFO]: dingy_is_hot issued server command: /gamerule keepInventory true
[19:02:00] [Server thread/INFO]: [dingy_is_hot: Game rule has been updated]
[19:02:03] [Server thread/INFO]: dingy_is_hot issued server command: /gamemode c
[19:02:11] [Server thread/INFO]: dingy_is_hot issued server command: /gamemode s
[19:02:13] [Server thread/INFO]: dingy_is_hot issued server command: /suicide
[19:02:13] [Server thread/INFO]: dingy_is_hot died
[19:02:15] [Server thread/INFO]: CommandBlock at 185,142,-185 issued server command: /gamemode adventure dingy_is_hot
[19:02:17] [Server thread/INFO]: CommandBlock at 184,143,-189 issued server command: /tp dingy_is_hot 238 82 -135
[19:02:28] [Server thread/INFO]: [0;33;22m[0;33;22m[ClearLag] [0;32;1mRemoved 7 Entities![m

[19:02:38] [Server thread/INFO]: dingy_is_hot issued server command: /gamemode s
[19:02:40] [Server thread/INFO]: dingy_is_hot issued server command: /gamemode c
[19:02:51] [Server thread/INFO]: dingy_is_hot issued server command: /enchant
[19:02:55] [Server thread/INFO]: dingy_is_hot issued server command: /enchantment
[19:03:00] [Server thread/INFO]: dingy_is_hot issued server command: /adminfun enchant
[19:03:00] [Server thread/INFO]: [AdminFun] Player dingy_is_hot issued the command: adminfun enchant
[19:03:57] [Server thread/INFO]: dingy_is_hot issued server command: /gamemode s
[19:04:10] [Server thread/INFO]: dingy_is_hot issued server command: /xp set dingy_is_hot 49
[19:04:12] [Server thread/INFO]: dingy_is_hot issued server command: /xp set dingy_is_hot 4900
[19:04:27] [Server thread/INFO]: dingy_is_hot issued server command: /give dingy_is_hot enchantmenttable
[19:04:35] [Server thread/INFO]: dingy_is_hot issued server command: /clear dingy_is_hot enchantmenttable
[19:04:37] [Server thread/INFO]: dingy_is_hot issued server command: /give dingy_is_hot enchantmenttable 1
[19:06:09] [Server thread/INFO]: dingy_is_hot issued server command: /tp dingy_is_hot ItsNiki
[19:06:23] [Server thread/INFO]: dingy_is_hot tried to swim in lava
[19:06:24] [Server thread/INFO]: CommandBlock at 185,142,-185 issued server command: /gamemode adventure dingy_is_hot
[19:06:27] [Server thread/INFO]: dingy_is_hot issued server command: /tp dingy_is_hot ItsNiki
[19:06:47] [Server thread/INFO]: dingy_is_hot issued server command: //poss
[19:06:48] [Server thread/INFO]: dingy_is_hot issued server command: //pos1
[19:06:49] [Server thread/INFO]: dingy_is_hot issued server command: //pos2
[19:06:51] [Server thread/INFO]: dingy_is_hot issued server command: //pos2
[19:06:52] [Server thread/INFO]: dingy_is_hot issued server command: //pos1
[19:06:55] [Server thread/INFO]: dingy_is_hot issued server command: //set water
[19:07:34] [Server thread/INFO]: dingy_is_hot tried to swim in lava
[19:07:37] [Server thread/INFO]: CommandBlock at 185,142,-185 issued server command: /gamemode adventure dingy_is_hot
[19:07:40] [Server thread/INFO]: dingy_is_hot issued server command: /tp dingy_is_hot ItsNiki
[19:07:51] [Server thread/INFO]: dingy_is_hot issued server command: /give ItsNiki ice
[19:08:05] [Server thread/INFO]: dingy_is_hot issued server command: /give ice
[19:08:08] [Server thread/INFO]: [0;33;22m[0;31;22m[ClearLag] [0;31;1mWarning Ground items will be removed in one minute![m

[19:08:08] [Craft Scheduler Thread - 8/INFO]: [Metrics] Connection refused
[19:08:10] [Server thread/INFO]: dingy_is_hot issued server command: /give dingy_is_hot ice
[19:08:39] [Server thread/INFO]: dingy_is_hot issued server command: /invsee ItsNiki
[19:09:06] [Server thread/INFO]: dingy_is_hot issued server command: /invsee ItsNiki
[19:09:08] [Server thread/INFO]: [0;33;22m[0;33;22m[ClearLag] [0;32;1mRemoved 1 Entities![m

[19:09:10] [Server thread/INFO]: ItsNiki burned to death
[19:09:13] [Server thread/INFO]: CommandBlock at 185,142,-185 issued server command: /gamemode adventure ItsNiki
[19:09:15] [Server thread/INFO]: CommandBlock at 184,143,-189 issued server command: /tp ItsNiki 238 82 -135
[19:09:17] [Server thread/INFO]: ItsNiki issued server command: /tphome 3
[19:09:31] [Server thread/INFO]: dingy_is_hot issued server command: /tp ItsNiki dingy_is_hot
[19:09:41] [Server thread/INFO]: dingy_is_hot was burnt to a crisp whilst fighting ItsNiki
[19:09:43] [Server thread/INFO]: CommandBlock at 185,142,-185 issued server command: /gamemode adventure dingy_is_hot
[19:09:46] [Server thread/INFO]: dingy_is_hot issued server command: /back
[19:10:01] [Server thread/INFO]: dingy_is_hot issued server command: /invsee ItsNiki
[19:10:03] [Server thread/INFO]: ItsNiki issued server command: /tphome 3
[19:10:07] [Server thread/INFO]: ItsNiki issued server command: /home 3
[19:10:25] [Server thread/INFO]: ItsNiki has just earned the achievement [Return to Sender]
[19:10:28] [Server thread/INFO]: dingy_is_hot issued server command: /invsee ItsNiki
[19:10:34] [Server thread/INFO]: dingy_is_hot burned to death
[19:10:35] [Server thread/INFO]: CommandBlock at 185,142,-185 issued server command: /gamemode adventure dingy_is_hot
[19:10:37] [Server thread/INFO]: dingy_is_hot issued server command: /back
[19:10:40] [Server thread/INFO]: dingy_is_hot issued server command: /invsee ItsNiki
[19:10:44] [Server thread/INFO]: dingy_is_hot issued server command: /invsee ItsNiki
[19:11:23] [Server thread/INFO]: ItsNiki issued server command: /home 3
[19:11:32] [Server thread/INFO]: ItsNiki issued server command: /sethome 4
[19:11:34] [Server thread/INFO]: ItsNiki issued server command: /home 3
[19:11:50] [Server thread/INFO]: dingy_is_hot issued server command: /compass
[19:11:58] [Server thread/INFO]: dingy_is_hot issued server command: /give dingy_is_hot compass 1
[19:12:03] [Server thread/INFO]: dingy_is_hot issued server command: /locate ItsNiki
[19:14:48] [Server thread/INFO]: [0;33;22m[0;31;22m[ClearLag] [0;31;1mWarning Ground items will be removed in one minute![m

[19:14:51] [Server thread/INFO]: ItsNiki issued server command: /home 3
[19:14:53] [Server thread/INFO]: dingy_is_hot burned to death
[19:14:55] [Server thread/INFO]: CommandBlock at 185,142,-185 issued server command: /gamemode adventure dingy_is_hot
[19:14:56] [Server thread/INFO]: dingy_is_hot issued server command: /back
[19:15:01] [Server thread/INFO]: ItsNiki issued server command: /sethome 5
[19:15:01] [Server thread/INFO]: ItsNiki burned to death
[19:15:03] [Server thread/INFO]: CommandBlock at 185,142,-185 issued server command: /gamemode adventure ItsNiki
[19:15:06] [Server thread/INFO]: ItsNiki issued server command: /home 5
[19:15:09] [Server thread/INFO]: ItsNiki issued server command: /home 5
[19:15:16] [Server thread/INFO]: dingy_is_hot issued server command: /tp ItsNiki dingy_is_hot
[19:15:23] [Server thread/INFO]: ItsNiki issued server command: /delete home 5
[19:15:25] [Server thread/INFO]: dingy_is_hot issued server command: /delhome home
[19:15:27] [Server thread/INFO]: ItsNiki issued server command: /del home 5
[19:15:29] [Server thread/INFO]: dingy_is_hot issued server command: /delhome cave
[19:15:29] [Server thread/INFO]: ItsNiki issued server command: /delhome 5
[19:15:42] [Server thread/INFO]: dingy_is_hot issued server command: /home
[19:15:46] [Server thread/INFO]: dingy_is_hot issued server command: /listhome
[19:15:48] [Server thread/INFO]: [0;33;22m[0;33;22m[ClearLag] [0;32;1mRemoved 4 Entities![m

[19:15:52] [Server thread/INFO]: dingy_is_hot issued server command: /help home
[19:16:03] [Server thread/INFO]: ItsNiki was slain by dingy_is_hot
[19:16:05] [Server thread/INFO]: CommandBlock at 185,142,-185 issued server command: /gamemode adventure ItsNiki
[19:16:07] [Server thread/INFO]: ItsNiki issued server command: /home 4
[19:16:09] [Server thread/INFO]: dingy_is_hot issued server command: /tp ItsNiki dingy_is_hot
[19:16:59] [Server thread/INFO]: ItsNiki was slain by dingy_is_hot
[19:17:00] [Server thread/INFO]: CommandBlock at 185,142,-185 issued server command: /gamemode adventure ItsNiki
[19:17:04] [Server thread/INFO]: ItsNiki issued server command: /home 5
[19:17:06] [Server thread/INFO]: ItsNiki issued server command: /home 4
[19:17:14] [Server thread/INFO]: dingy_is_hot issued server command: /tp ItsNiki dingy_is_hot
[19:17:57] [Server thread/INFO]: ItsNiki fell from a high place
[19:17:59] [Server thread/INFO]: CommandBlock at 185,142,-185 issued server command: /gamemode adventure ItsNiki
[19:18:01] [Server thread/INFO]: dingy_is_hot was slain by Zombie Pigman
[19:18:02] [Server thread/INFO]: ItsNiki issued server command: /home 4
[19:18:03] [Server thread/INFO]: CommandBlock at 185,142,-185 issued server command: /gamemode adventure dingy_is_hot
[19:18:04] [Server thread/INFO]: dingy_is_hot issued server command: /back
[19:18:08] [Server thread/INFO]: ItsNiki issued server command: /home 4
[19:18:08] [Craft Scheduler Thread - 13/INFO]: [Metrics] Connection refused
[19:18:12] [Server thread/INFO]: ItsNiki issued server command: /home 4
[19:18:18] [Server thread/INFO]: dingy_is_hot issued server command: /tp ItsNiki dingy_is_hot
[19:18:31] [Server thread/INFO]: dingy_is_hot issued server command: /effect dingy_is_hot minecraft:regeneration 10 10
[19:18:31] [Server thread/INFO]: [dingy_is_hot: Given Regeneration (ID 10) * 10 to dingy_is_hot for 10 seconds]
[19:18:50] [Server thread/INFO]: dingy_is_hot issued server command: /effect dingy_is_hot minecraft:regeneration 10 10
[19:18:50] [Server thread/INFO]: [dingy_is_hot: Given Regeneration (ID 10) * 10 to dingy_is_hot for 10 seconds]
[19:18:53] [Server thread/INFO]: dingy_is_hot issued server command: /effect dingy_is_hot minecraft:regeneration 10 10
[19:18:53] [Server thread/INFO]: [dingy_is_hot: Given Regeneration (ID 10) * 10 to dingy_is_hot for 10 seconds]
[19:19:01] [Server thread/WARN]: ItsNiki moved wrongly!
[19:19:53] [Server thread/INFO]: dingy_is_hot issued server command: /tp ItsNiki dingy_is_hot
[19:21:14] [Server thread/INFO]: dingy_is_hot issued server command: /give dingy_is_hot egg 16
[19:21:28] [Server thread/INFO]: [0;33;22m[0;31;22m[ClearLag] [0;31;1mWarning Ground items will be removed in one minute![m

[19:21:55] [Server thread/INFO]: dingy_is_hot tried to swim in lava
[19:21:56] [Server thread/INFO]: CommandBlock at 185,142,-185 issued server command: /gamemode adventure dingy_is_hot
[19:21:59] [Server thread/INFO]: dingy_is_hot issued server command: /back
[19:22:28] [Server thread/INFO]: [0;33;22m[0;33;22m[ClearLag] [0;32;1mRemoved 8 Entities![m

[19:22:53] [Server thread/INFO]: ItsNiki was slain by dingy_is_hot
[19:22:54] [Server thread/INFO]: CommandBlock at 185,142,-185 issued server command: /gamemode adventure ItsNiki
[19:22:56] [Server thread/INFO]: ItsNiki issued server command: /back
[19:23:01] [Server thread/INFO]: dingy_is_hot issued server command: /kill dingy_is_hot
[19:23:01] [Server thread/INFO]: dingy_is_hot died
[19:23:03] [Server thread/INFO]: CommandBlock at 185,142,-185 issued server command: /gamemode adventure dingy_is_hot
[19:23:09] [Server thread/INFO]: dingy_is_hot issued server command: /back
[19:23:51] [Server thread/INFO]: ItsNiki burned to death
[19:23:53] [Server thread/INFO]: CommandBlock at 185,142,-185 issued server command: /gamemode adventure ItsNiki
[19:23:54] [Server thread/INFO]: ItsNiki issued server command: /back
[19:23:57] [Server thread/INFO]: dingy_is_hot issued server command: /repair
[19:24:06] [Server thread/INFO]: dingy_is_hot issued server command: /repair
[19:25:24] [Server thread/INFO]: ItsNiki burned to death
[19:25:26] [Server thread/INFO]: CommandBlock at 185,142,-185 issued server command: /gamemode adventure ItsNiki
[19:25:28] [Server thread/INFO]: ItsNiki issued server command: /back
[19:26:23] [Server thread/INFO]: dingy_is_hot was slain by ItsNiki
[19:26:24] [Server thread/INFO]: CommandBlock at 185,142,-185 issued server command: /gamemode adventure dingy_is_hot
[19:26:26] [Server thread/INFO]: dingy_is_hot issued server command: /back
[19:26:40] [Server thread/INFO]: dingy_is_hot was slain by ItsNiki
[19:26:42] [Server thread/INFO]: CommandBlock at 185,142,-185 issued server command: /gamemode adventure dingy_is_hot
[19:26:43] [Server thread/INFO]: dingy_is_hot issued server command: /back
[19:26:57] [Server thread/INFO]: ItsNiki burned to death
[19:26:59] [Server thread/INFO]: CommandBlock at 185,142,-185 issued server command: /gamemode adventure ItsNiki
[19:27:02] [Server thread/INFO]: ItsNiki issued server command: /back
[19:27:03] [Server thread/INFO]: dingy_is_hot issued server command: /effect dingy_is_hot minecraft:regeneration 10 10
[19:27:03] [Server thread/INFO]: [dingy_is_hot: Given Regeneration (ID 10) * 10 to dingy_is_hot for 10 seconds]
[19:27:22] [Server thread/INFO]: dingy_is_hot was slain by ItsNiki
[19:27:24] [Server thread/INFO]: CommandBlock at 185,142,-185 issued server command: /gamemode adventure dingy_is_hot
[19:27:25] [Server thread/INFO]: dingy_is_hot issued server command: /back
[19:27:33] [Server thread/INFO]: dingy_is_hot issued server command: /effect dingy_is_hot minecraft:regeneration 100 10
[19:27:33] [Server thread/INFO]: [dingy_is_hot: Given Regeneration (ID 10) * 10 to dingy_is_hot for 100 seconds]
[19:27:52] [Server thread/INFO]: dingy_is_hot issued server command: /effect dingy_is_hot clear 100 10
[19:27:52] [Server thread/INFO]: [dingy_is_hot: Took all effects from dingy_is_hot]
[19:27:57] [Server thread/WARN]: ItsNiki moved wrongly!
[19:27:57] [Server thread/WARN]: ItsNiki moved wrongly!
[19:28:08] [Server thread/INFO]: [0;33;22m[0;31;22m[ClearLag] [0;31;1mWarning Ground items will be removed in one minute![m

[19:28:08] [Craft Scheduler Thread - 15/INFO]: [Metrics] Connection refused
[19:28:15] [Server thread/INFO]: dingy_is_hot was slain by ItsNiki
[19:28:17] [Server thread/INFO]: CommandBlock at 185,142,-185 issued server command: /gamemode adventure dingy_is_hot
[19:28:19] [Server thread/INFO]: dingy_is_hot issued server command: /back
[19:28:41] [Server thread/INFO]: ItsNiki burned to death
[19:28:43] [Server thread/INFO]: CommandBlock at 185,142,-185 issued server command: /gamemode adventure ItsNiki
[19:28:43] [Server thread/INFO]: dingy_is_hot burned to death
[19:28:46] [Server thread/INFO]: ItsNiki issued server command: /back
[19:28:46] [Server thread/INFO]: dingy_is_hot issued server command: /back
[19:29:08] [Server thread/INFO]: [0;33;22m[0;33;22m[ClearLag] [0;32;1mRemoved 17 Entities![m

[19:29:11] [Server thread/INFO]: dingy_is_hot tried to swim in lava
[19:29:12] [Server thread/INFO]: CommandBlock at 185,142,-185 issued server command: /gamemode adventure dingy_is_hot
[19:29:13] [Server thread/INFO]: dingy_is_hot issued server command: /back
[19:29:26] [Server thread/INFO]: dingy_is_hot issued server command: /tools
[19:29:28] [Server thread/INFO]: dingy_is_hot was slain by ItsNiki
[19:29:30] [Server thread/INFO]: CommandBlock at 185,142,-185 issued server command: /gamemode adventure dingy_is_hot
[19:29:32] [Server thread/INFO]: dingy_is_hot issued server command: /tools
[19:29:43] [Server thread/INFO]: dingy_is_hot issued server command: /tool floodfill water 1
[19:29:45] [Server thread/INFO]: dingy_is_hot issued server command: /back
[19:30:03] [Server thread/INFO]: dingy_is_hot tried to swim in lava
[19:30:05] [Server thread/INFO]: CommandBlock at 185,142,-185 issued server command: /gamemode adventure dingy_is_hot
[19:30:06] [Server thread/INFO]: ItsNiki tried to swim in lava
[19:30:06] [Server thread/INFO]: dingy_is_hot issued server command: /bacckc
[19:30:08] [Server thread/INFO]: dingy_is_hot issued server command: /back
[19:30:11] [Server thread/INFO]: CommandBlock at 185,142,-185 issued server command: /gamemode adventure dingy_is_hot
[19:30:12] [Server thread/INFO]: CommandBlock at 185,142,-185 issued server command: /gamemode adventure ItsNiki
[19:30:13] [Server thread/INFO]: CommandBlock at 184,143,-189 issued server command: /tp dingy_is_hot 238 82 -135
[19:30:15] [Server thread/INFO]: dingy_is_hot issued server command: /back
[19:30:16] [Server thread/INFO]: ItsNiki issued server command: /back
[19:30:24] [Server thread/INFO]: dingy_is_hot tried to swim in lava
[19:30:25] [Server thread/INFO]: CommandBlock at 185,142,-185 issued server command: /gamemode adventure dingy_is_hot
[19:30:27] [Server thread/INFO]: dingy_is_hot issued server command: /back
[19:30:36] [Server thread/INFO]: dingy_is_hot issued server command: /effect dingy_is_hot clear 100 10
[19:30:36] [Server thread/INFO]: [dingy_is_hot: Couldn't take any effects from dingy_is_hot as they do not have any]
[19:30:45] [Server thread/INFO]: dingy_is_hot issued server command: /effect dingy_is_hot minecraft:regeneration 100 10
[19:30:45] [Server thread/INFO]: [dingy_is_hot: Given Regeneration (ID 10) * 10 to dingy_is_hot for 100 seconds]
[19:30:52] [Server thread/INFO]: ItsNiki tried to swim in lava
[19:30:53] [Server thread/INFO]: CommandBlock at 185,142,-185 issued server command: /gamemode adventure ItsNiki
[19:30:54] [Server thread/INFO]: dingy_is_hot issued server command: /effect dingy_is_hot clear 100 10
[19:30:54] [Server thread/INFO]: [dingy_is_hot: Took all effects from dingy_is_hot]
[19:30:55] [Server thread/INFO]: ItsNiki issued server command: /back
[19:31:52] [Server thread/INFO]: dingy_is_hot issued server command: /tool floodfill grass 1
[19:31:58] [Server thread/INFO]: dingy_is_hot was slain by ItsNiki
[19:31:59] [Server thread/INFO]: CommandBlock at 185,142,-185 issued server command: /gamemode adventure dingy_is_hot
[19:32:01] [Server thread/INFO]: dingy_is_hot issued server command: /back
[19:32:04] [Server thread/INFO]: dingy_is_hot issued server command: /tool floodfill grass 5
[19:32:52] [Server thread/INFO]: dingy_is_hot issued server command: /tool floodfill lava 5
[19:32:56] [Server thread/INFO]: ItsNiki issued server command: /tpa dingy_is_hot
[19:33:02] [Server thread/INFO]: dingy_is_hot issued server command: /tpaccept
[19:33:14] [Server thread/INFO]: ItsNiki tried to swim in lava
[19:33:16] [Server thread/INFO]: CommandBlock at 185,142,-185 issued server command: /gamemode adventure ItsNiki
[19:33:18] [Server thread/INFO]: ItsNiki issued server command: /home 1
[19:33:19] [Server thread/INFO]: dingy_is_hot burned to death
[19:33:23] [Server thread/INFO]: dingy_is_hot issued server command: /back
[19:33:44] [Server thread/INFO]: dingy_is_hot issued server command: /tool floodfill air 8
[19:33:46] [Server thread/INFO]: dingy_is_hot issued server command: /tool floodfill air 5
[19:34:43] [Server thread/INFO]: dingy_is_hot tried to swim in lava
[19:34:47] [Server thread/INFO]: CommandBlock at 185,142,-185 issued server command: /gamemode adventure dingy_is_hot
[19:34:48] [Server thread/INFO]: [0;33;22m[0;31;22m[ClearLag] [0;31;1mWarning Ground items will be removed in one minute![m

[19:34:53] [Server thread/INFO]: dingy_is_hot issued server command: /tpa ItsNiki
[19:34:56] [Server thread/INFO]: ItsNiki issued server command: /tpaccept
[19:35:25] [Server thread/INFO]: dingy_is_hot issued server command: /xp give ItsNiki 99999999
[19:35:48] [Server thread/INFO]: [0;33;22m[0;33;22m[ClearLag] [0;32;1mRemoved 13 Entities![m

[19:36:02] [Server thread/INFO]: dingy_is_hot issued server command: /give ItsNiki peony
[19:36:10] [Server thread/INFO]: dingy_is_hot issued server command: /give ItsNiki enderpearl
[19:36:18] [Server thread/INFO]: dingy_is_hot issued server command: /give ItsNiki egg
[19:36:20] [Server thread/INFO]: dingy_is_hot issued server command: /give ItsNiki egg
[19:36:41] [Server thread/INFO]: dingy_is_hot issued server command: /give dingy_is_hot egg
[19:37:04] [Server thread/INFO]: dingy_is_hot issued server command: /give dingy_is_hot egg
[19:37:14] [Server thread/INFO]: dingy_is_hot issued server command: /give dingy_is_hot egg
[19:37:25] [Server thread/INFO]: dingy_is_hot issued server command: /give dingy_is_hot egg
[19:38:03] [Server thread/INFO]: dingy_is_hot issued server command: //pos1
[19:38:08] [Craft Scheduler Thread - 17/INFO]: [Metrics] Connection refused
[19:38:17] [Server thread/INFO]: dingy_is_hot issued server command: //pos2
[19:38:22] [Server thread/INFO]: dingy_is_hot issued server command: //replace peony air
[19:38:29] [Server thread/INFO]: dingy_is_hot issued server command: //replace poeny
[19:38:33] [Server thread/INFO]: dingy_is_hot issued server command: //replace poeny air
[19:38:40] [Server thread/INFO]: dingy_is_hot issued server command: //replace peony air
[19:38:41] [Async Chat Thread - #0/INFO]: [[0;37;1mSurvival[0;37;1m][m ItsNiki[m peony[m

[19:38:45] [Server thread/INFO]: dingy_is_hot issued server command: //replace peony air
[19:39:58] [Server thread/INFO]: dingy_is_hot issued server command: /adminfun enchant
[19:39:58] [Server thread/INFO]: [AdminFun] Player dingy_is_hot issued the command: adminfun enchant
[19:41:28] [Server thread/INFO]: [0;33;22m[0;31;22m[ClearLag] [0;31;1mWarning Ground items will be removed in one minute![m

[19:42:28] [Server thread/INFO]: [0;33;22m[0;33;22m[ClearLag] [0;32;1mRemoved 29 Entities![m

[19:42:31] [Server thread/INFO]: dingy_is_hot issued server command: /fly ItsNiki
[19:42:40] [Server thread/INFO]: dingy_is_hot issued server command: /fly
[19:43:03] [Server thread/INFO]: dingy_is_hot issued server command: //circle
[19:43:08] [Server thread/INFO]: dingy_is_hot issued server command: //curve
[19:43:23] [Server thread/INFO]: dingy_is_hot issued server command: //wand
[19:43:36] [Server thread/INFO]: dingy_is_hot issued server command: //curve netherrack
[19:43:39] [Server thread/INFO]: dingy_is_hot issued server command: //curve netherrack 5
[19:43:44] [Server thread/INFO]: dingy_is_hot issued server command: //curve netherrack 3
[19:44:14] [Server thread/INFO]: dingy_is_hot issued server command: //cyl
[19:44:19] [Server thread/INFO]: dingy_is_hot issued server command: //cyl netherrack
[19:44:21] [Server thread/INFO]: dingy_is_hot issued server command: //cyl netherrack 1
[19:44:27] [Server thread/INFO]: dingy_is_hot issued server command: //undo
[19:44:40] [Server thread/INFO]: dingy_is_hot issued server command: //cyl netherrack 7
[19:44:44] [Server thread/INFO]: dingy_is_hot issued server command: //undo
[19:44:52] [Server thread/INFO]: dingy_is_hot issued server command: //cyl netherrack 9
[19:45:27] [Server thread/INFO]: dingy_is_hot issued server command: /unfly @a
[19:45:32] [Server thread/INFO]: dingy_is_hot issued server command: /fly @a
[19:45:35] [Server thread/INFO]: dingy_is_hot issued server command: /fly ItsNiki
[19:45:38] [Server thread/INFO]: dingy_is_hot issued server command: /fly dingy_is_hot
[19:45:52] [Server thread/INFO]: dingy_is_hot fell from a high place
[19:45:54] [Server thread/INFO]: CommandBlock at 185,142,-185 issued server command: /gamemode adventure dingy_is_hot
[19:45:59] [Server thread/INFO]: ItsNiki issued server command: /sethome 10
[19:45:59] [Server thread/INFO]: dingy_is_hot issued server command: /tp ItsNiki
[19:46:14] [Server thread/INFO]: dingy_is_hot issued server command: /effect dingy_is_hot minecraft:regeneration 100 100
[19:46:14] [Server thread/INFO]: [dingy_is_hot: Given Regeneration (ID 10) * 100 to dingy_is_hot for 100 seconds]
[19:46:18] [Server thread/INFO]: dingy_is_hot issued server command: /effect dingy_is_hot minecraft:regeneration 9999 100
[19:46:18] [Server thread/INFO]: [dingy_is_hot: Given Regeneration (ID 10) * 100 to dingy_is_hot for 9999 seconds]
[19:46:24] [Server thread/INFO]: dingy_is_hot issued server command: /effect ItsNiki minecraft:regeneration 9999 100
[19:46:24] [Server thread/INFO]: [dingy_is_hot: Given Regeneration (ID 10) * 100 to ItsNiki for 9999 seconds]
[19:47:03] [Server thread/INFO]: dingy_is_hot issued server command: /give dingy_is_hot eggs 5
[19:47:06] [Server thread/INFO]: dingy_is_hot issued server command: /give dingy_is_hot egg 5
[19:47:29] [Server thread/INFO]: ItsNiki fell from a high place
[19:47:30] [Server thread/INFO]: dingy_is_hot issued server command: /tp ItsNiki dingy_is_hot
[19:47:31] [Server thread/INFO]: CommandBlock at 185,142,-185 issued server command: /gamemode adventure ItsNiki
[19:47:32] [Server thread/INFO]: dingy_is_hot issued server command: /tp ItsNiki dingy_is_hot
[19:47:35] [Server thread/INFO]: dingy_is_hot issued server command: /effect ItsNiki minecraft:regeneration 9999 100
[19:47:35] [Server thread/INFO]: [dingy_is_hot: Given Regeneration (ID 10) * 100 to ItsNiki for 9999 seconds]
[19:47:41] [Server thread/INFO]: dingy_is_hot issued server command: /tp ItsNiki dingy_is_hot
[19:47:41] [Server thread/INFO]: dingy_is_hot fell from a high place
[19:47:43] [Server thread/INFO]: CommandBlock at 185,142,-185 issued server command: /gamemode adventure dingy_is_hot
[19:47:44] [Server thread/INFO]: dingy_is_hot issued server command: /fly
[19:47:45] [Server thread/INFO]: ItsNiki issued server command: /home 10
[19:47:51] [Server thread/INFO]: dingy_is_hot issued server command: /tp ItsNiki
[19:47:55] [Server thread/INFO]: dingy_is_hot issued server command: /tp ItsNiki dingy_is_hot
[19:47:59] [Server thread/INFO]: dingy_is_hot issued server command: /fly
[19:48:02] [Server thread/INFO]: dingy_is_hot issued server command: /fly
[19:48:04] [Server thread/INFO]: dingy_is_hot issued server command: /fly ItsNiki
[19:48:08] [Server thread/INFO]: dingy_is_hot issued server command: /effect ItsNiki minecraft:regeneration 9999 100
[19:48:08] [Server thread/INFO]: [dingy_is_hot: Given Regeneration (ID 10) * 100 to ItsNiki for 9999 seconds]
[19:48:08] [Server thread/INFO]: [0;33;22m[0;31;22m[ClearLag] [0;31;1mWarning Ground items will be removed in one minute![m

[19:48:09] [Craft Scheduler Thread - 22/INFO]: [Metrics] Connection refused
[19:48:13] [Server thread/INFO]: dingy_is_hot issued server command: /effect dingy_is_hot minecraft:regeneration 9999 100
[19:48:13] [Server thread/INFO]: [dingy_is_hot: Given Regeneration (ID 10) * 100 to dingy_is_hot for 9999 seconds]
[19:48:44] [Server thread/INFO]: dingy_is_hot fell from a high place
[19:48:46] [Server thread/INFO]: CommandBlock at 185,142,-185 issued server command: /gamemode adventure dingy_is_hot
[19:48:50] [Server thread/INFO]: dingy_is_hot issued server command: /tp ItsNiki
[19:48:57] [Server thread/INFO]: dingy_is_hot issued server command: /effect dingy_is_hot minecraft:regeneration 9999 100
[19:48:57] [Server thread/INFO]: [dingy_is_hot: Given Regeneration (ID 10) * 100 to dingy_is_hot for 9999 seconds]
[19:49:00] [Server thread/INFO]: dingy_is_hot issued server command: /fly
[19:49:08] [Server thread/INFO]: [0;33;22m[0;33;22m[ClearLag] [0;32;1mRemoved 17 Entities![m

[19:49:11] [Server thread/INFO]: dingy_is_hot issued server command: /fly
[19:49:32] [Server thread/INFO]: dingy_is_hot issued server command: /effect dingy_is_hot minecraft:regeneration 9999 100
[19:49:32] [Server thread/INFO]: [dingy_is_hot: Given Regeneration (ID 10) * 100 to dingy_is_hot for 9999 seconds]
[19:49:33] [Server thread/INFO]: dingy_is_hot fell from a high place
[19:49:34] [Server thread/INFO]: CommandBlock at 185,142,-185 issued server command: /gamemode adventure dingy_is_hot
[19:49:35] [Server thread/INFO]: dingy_is_hot issued server command: /effect dingy_is_hot minecraft:regeneration 9999 100
[19:49:35] [Server thread/INFO]: [dingy_is_hot: Given Regeneration (ID 10) * 100 to dingy_is_hot for 9999 seconds]
[19:49:40] [Server thread/INFO]: dingy_is_hot issued server command: /tp dingy_is_hot ItsNiki
[19:49:49] [Server thread/INFO]: dingy_is_hot issued server command: /give dingy_is_hot water
[19:50:03] [Server thread/INFO]: dingy_is_hot issued server command: /fly ItsNiki
[19:50:07] [Server thread/INFO]: dingy_is_hot issued server command: /effect dingy_is_hot minecraft:regeneration 9999 100
[19:50:07] [Server thread/INFO]: [dingy_is_hot: Given Regeneration (ID 10) * 100 to dingy_is_hot for 9999 seconds]
[19:50:07] [Server thread/INFO]: dingy_is_hot fell from a high place
[19:50:08] [Server thread/INFO]: ItsNiki fell from a high place
[19:50:09] [Server thread/INFO]: CommandBlock at 185,142,-185 issued server command: /gamemode adventure dingy_is_hot
[19:50:11] [Server thread/INFO]: dingy_is_hot issued server command: /effect dingy_is_hot minecraft:regeneration 9999 100
[19:50:11] [Server thread/INFO]: [dingy_is_hot: Given Regeneration (ID 10) * 100 to dingy_is_hot for 9999 seconds]
[19:50:12] [Server thread/INFO]: ItsNiki issued server command: /home 10
[19:50:13] [Server thread/INFO]: CommandBlock at 184,143,-189 issued server command: /tp ItsNiki 238 82 -135
[19:50:17] [Server thread/INFO]: CommandBlock at 184,143,-189 issued server command: /tp dingy_is_hot 238 82 -135
[19:50:18] [Server thread/INFO]: ItsNiki issued server command: /home 10
[19:50:28] [Server thread/INFO]: dingy_is_hot issued server command: /fly
[19:50:34] [Server thread/INFO]: dingy_is_hot issued server command: /gamemode c
[19:51:09] [Server thread/INFO]: ItsNiki fell from a high place
[19:51:11] [Server thread/INFO]: CommandBlock at 185,142,-185 issued server command: /gamemode adventure ItsNiki
[19:51:13] [Server thread/INFO]: ItsNiki issued server command: /home 1
[19:51:31] [Server thread/INFO]: ItsNiki issued server command: /home 10
[19:52:08] [Server thread/INFO]: dingy_is_hot issued server command: /tp ItsNiki dingy_is_hot
[19:52:32] [Server thread/INFO]: dingy_is_hot issued server command: //set air
[19:52:36] [Server thread/INFO]: dingy_is_hot issued server command: //set air
[19:52:37] [Server thread/INFO]: dingy_is_hot issued server command: //set air
[19:52:39] [Server thread/INFO]: ItsNiki issued server command: /sethome
[19:52:40] [Server thread/INFO]: dingy_is_hot issued server command: //set air
[19:52:44] [Server thread/INFO]: ItsNiki issued server command: /sethome spawn
[19:52:46] [Server thread/INFO]: dingy_is_hot issued server command: //set air
[19:52:49] [Server thread/INFO]: dingy_is_hot issued server command: //set air
[19:53:14] [Server thread/INFO]: ItsNiki issued server command: /home 10
[19:53:20] [Server thread/INFO]: ItsNiki issued server command: /home 10
[19:53:41] [Server thread/INFO]: ItsNiki fell from a high place
[19:53:44] [Server thread/INFO]: CommandBlock at 185,142,-185 issued server command: /gamemode adventure ItsNiki
[19:53:52] [Server thread/INFO]: CommandBlock at 184,143,-189 issued server command: /tp ItsNiki 238 82 -135
[19:54:24] [Server thread/INFO]: ItsNiki issued server command: /tpa dingy_is_hot
[19:54:48] [Server thread/INFO]: [0;33;22m[0;31;22m[ClearLag] [0;31;1mWarning Ground items will be removed in one minute![m

[19:55:48] [Server thread/INFO]: [0;33;22m[0;33;22m[ClearLag] [0;32;1mRemoved 9 Entities![m

[19:57:04] [Server thread/INFO]: dingy_is_hot issued server command: //set air
[19:57:08] [Server thread/INFO]: dingy_is_hot issued server command: //set air
[19:57:18] [Server thread/INFO]: dingy_is_hot issued server command: //set air
[19:57:22] [Server thread/INFO]: dingy_is_hot issued server command: //set air
[19:57:25] [Server thread/INFO]: dingy_is_hot issued server command: //set air
[19:57:54] [Server thread/INFO]: dingy_is_hot issued server command: //pos1
[19:58:00] [Server thread/INFO]: dingy_is_hot issued server command: //pos2
[19:58:09] [Craft Scheduler Thread - 25/INFO]: [Metrics] Connection refused
[19:58:17] [Server thread/INFO]: dingy_is_hot issued server command: //pos1
[19:58:18] [Server thread/INFO]: dingy_is_hot issued server command: //pos2
[19:58:23] [Server thread/INFO]: dingy_is_hot issued server command: //paste
[19:58:58] [Server thread/INFO]: dingy_is_hot issued server command: //undo
[19:59:55] [Server thread/INFO]: dingy_is_hot issued server command: //pastw
[19:59:57] [Server thread/INFO]: dingy_is_hot issued server command: //paste
[20:00:46] [Server thread/INFO]: dingy_is_hot issued server command: //undo
[20:00:59] [Server thread/INFO]: dingy_is_hot issued server command: //undo
[20:01:31] [Server thread/INFO]: [0;33;22m[0;31;22m[ClearLag] [0;31;1mWarning Ground items will be removed in one minute![m

[20:02:20] [Server thread/INFO]: dingy_is_hot issued server command: /gamemode s
[20:02:31] [Server thread/INFO]: [0;33;22m[0;33;22m[ClearLag] [0;32;1mRemoved 0 Entities![m

[20:02:53] [Server thread/INFO]: dingy_is_hot issued server command: /enderchest
[20:02:55] [Server thread/INFO]: dingy_is_hot issued server command: /enderchest
[20:03:21] [Server thread/INFO]: dingy_is_hot issued server command: /storm
[20:03:24] [Server thread/INFO]: dingy_is_hot issued server command: /clear
[20:03:33] [Server thread/INFO]: dingy_is_hot issued server command: /clear
[20:03:39] [Server thread/INFO]: dingy_is_hot issued server command: /weather clear
[20:04:11] [Server thread/INFO]: dingy_is_hot issued server command: /gamemode s
[20:04:14] [Server thread/INFO]: dingy_is_hot issued server command: /enderchest
[20:04:17] [Server thread/INFO]: dingy_is_hot issued server command: /enchant
[20:04:26] [Server thread/INFO]: dingy_is_hot issued server command: /adminfun enchant
[20:04:26] [Server thread/INFO]: [AdminFun] Player dingy_is_hot issued the command: adminfun enchant
[20:04:28] [Server thread/INFO]: dingy_is_hot issued server command: /smite
[20:04:37] [Server thread/INFO]: dingy_is_hot issued server command: /smite
[20:04:38] [Server thread/INFO]: dingy_is_hot issued server command: /smite
[20:04:39] [Server thread/INFO]: dingy_is_hot issued server command: /smite
[20:04:39] [Server thread/INFO]: dingy_is_hot issued server command: /smite
[20:04:41] [Server thread/INFO]: dingy_is_hot issued server command: /smite
[20:05:09] [Server thread/INFO]: dingy_is_hot issued server command: /smite
[20:05:12] [Server thread/INFO]: dingy_is_hot issued server command: /smite
[20:05:29] [Server thread/INFO]: dingy_is_hot issued server command: /smite
[20:05:34] [Server thread/INFO]: dingy_is_hot issued server command: /smite
[20:05:34] [Server thread/INFO]: ItsNiki was struck by lightning
[20:05:50] [Server thread/INFO]: dingy_is_hot issued server command: /gamemode c
[20:06:29] [Server thread/INFO]: dingy_is_hot issued server command: /gamemode s
[20:06:37] [Server thread/INFO]: dingy_is_hot issued server command: //undo
[20:06:43] [Server thread/INFO]: dingy_is_hot issued server command: /gamemode s
[20:06:45] [Server thread/INFO]: dingy_is_hot issued server command: /gamemode sp
[20:06:53] [Server thread/INFO]: dingy_is_hot issued server command: //undo
[20:06:56] [Server thread/INFO]: dingy_is_hot issued server command: /gamemode s
[20:07:01] [Server thread/INFO]: dingy_is_hot issued server command: /tool none
[20:07:16] [Server thread/INFO]: dingy_is_hot issued server command: /tool tree
[20:07:33] [Server thread/INFO]: CommandBlock at 185,142,-185 issued server command: /gamemode adventure ItsNiki
[20:07:37] [Server thread/INFO]: CommandBlock at 185,142,-185 issued server command: /gamemode adventure ItsNiki
[20:07:47] [Server thread/INFO]: ItsNiki issued server command: /tpa dingy_is_hot
[20:07:52] [Server thread/INFO]: dingy_is_hot issued server command: /tpaccept
[20:08:11] [Server thread/INFO]: [0;33;22m[0;31;22m[ClearLag] [0;31;1mWarning Ground items will be removed in one minute![m

[20:08:11] [Craft Scheduler Thread - 28/INFO]: [Metrics] Connection refused
[20:08:59] [Server thread/INFO]: ItsNiki was slain by dingy_is_hot
[20:09:01] [Server thread/INFO]: CommandBlock at 185,142,-185 issued server command: /gamemode adventure ItsNiki
[20:09:11] [Server thread/INFO]: [0;33;22m[0;33;22m[ClearLag] [0;32;1mRemoved 5 Entities![m

[20:09:43] [Server thread/INFO]: dingy_is_hot issued server command: /tool deltree
[20:10:34] [Server thread/INFO]: CommandBlock at 184,143,-189 issued server command: /tp ItsNiki 238 82 -135
[20:10:44] [Server thread/INFO]: dingy_is_hot issued server command: /tp ItsNiki dingy_is_hot
[20:10:49] [Server thread/INFO]: dingy_is_hot issued server command: /tool tree
[20:11:17] [Server thread/INFO]: ItsNiki lost connection: Disconnected
[20:11:17] [Server thread/INFO]: Unknown command. Type "/help" for help.[m

[20:11:47] [Server thread/INFO]: dingy_is_hot issued server command: /tool deltree
[20:11:54] [Thread-15/INFO]: UUID of player ItsNiki is 6a0b8c65-33c9-3271-8ba3-98bfdfead9d4
[20:11:54] [Server thread/INFO]: is leader = false
[20:11:54] [Server thread/INFO]: [Server] hello ItsNiki
[20:11:54] [Server thread/INFO]: ItsNiki[/[0:0:0:0:0:0:0:1]:40438] logged in with entity id 13848 at ([world]185.0, 144.0, -186.0)
[20:11:56] [Server thread/INFO]: CommandBlock at 185,142,-185 issued server command: /gamemode adventure ItsNiki
[20:11:59] [Server thread/INFO]: §cItsNiki §4was denied access to command.
[20:12:58] [Server thread/INFO]: dingy_is_hot issued server command: /broadcast hi niggers
[20:13:09] [Server thread/INFO]: dingy_is_hot issued server command: /antioch
[20:13:17] [Server thread/INFO]: dingy_is_hot issued server command: /antioch dingy_is_hot
[20:13:24] [Server thread/INFO]: dingy_is_hot issued server command: /antioch dingy_is_hot
[20:13:25] [Server thread/INFO]: dingy_is_hot issued server command: /antioch dingy_is_hot
[20:13:44] [Server thread/INFO]: dingy_is_hot issued server command: /antioch dingy_is_hot
[20:13:59] [Server thread/INFO]: dingy_is_hot issued server command: /? antioch
[20:14:41] [Server thread/INFO]: dingy_is_hot issued server command: /largetree
[20:14:45] [Server thread/INFO]: dingy_is_hot issued server command: /largetree jungle
[20:14:51] [Server thread/INFO]: [0;33;22m[0;31;22m[ClearLag] [0;31;1mWarning Ground items will be removed in one minute![m

[20:14:52] [Server thread/INFO]: dingy_is_hot issued server command: /largetree darkoak
[20:14:57] [Server thread/INFO]: dingy_is_hot issued server command: /largetree tree
[20:15:13] [Server thread/INFO]: dingy_is_hot issued server command: /kittycannon ItsNiki
[20:15:14] [Server thread/INFO]: dingy_is_hot issued server command: /kittycannon ItsNiki
[20:15:15] [Server thread/INFO]: dingy_is_hot issued server command: /kittycannon ItsNiki
[20:15:15] [Server thread/INFO]: dingy_is_hot issued server command: /kittycannon ItsNiki
[20:15:16] [Server thread/INFO]: dingy_is_hot issued server command: /kittycannon ItsNiki
[20:15:16] [Server thread/INFO]: dingy_is_hot issued server command: /kittycannon ItsNiki
[20:15:22] [Server thread/INFO]: dingy_is_hot issued server command: /? kittycannon
[20:15:25] [Server thread/INFO]: dingy_is_hot issued server command: /? kittycannon
[20:15:27] [Server thread/INFO]: dingy_is_hot issued server command: /kittycannon ItsNiki
[20:15:37] [Server thread/INFO]: dingy_is_hot issued server command: /tp ItsNiki dingy_is_hot
[20:15:39] [Server thread/INFO]: dingy_is_hot issued server command: /kittycannon ItsNiki
[20:15:41] [Server thread/INFO]: dingy_is_hot issued server command: /kittycannon ItsNiki
[20:15:43] [Server thread/INFO]: dingy_is_hot issued server command: /kittycannon ItsNiki
[20:15:44] [Server thread/INFO]: dingy_is_hot issued server command: /kittycannon ItsNiki
[20:15:45] [Server thread/INFO]: dingy_is_hot issued server command: /kittycannon ItsNiki
[20:15:46] [Server thread/INFO]: dingy_is_hot issued server command: /kittycannon ItsNiki
[20:15:48] [Server thread/INFO]: dingy_is_hot issued server command: /kittycannon ItsNiki
[20:15:49] [Server thread/INFO]: dingy_is_hot issued server command: /kittycannon ItsNiki
[20:15:49] [Server thread/INFO]: dingy_is_hot issued server command: /kittycannon ItsNiki
[20:15:50] [Server thread/INFO]: dingy_is_hot issued server command: /kittycannon ItsNiki
[20:15:51] [Server thread/INFO]: dingy_is_hot issued server command: /kittycannon ItsNiki
[20:15:51] [Server thread/INFO]: [0;33;22m[0;33;22m[ClearLag] [0;32;1mRemoved 20 Entities![m

[20:15:51] [Server thread/INFO]: dingy_is_hot issued server command: /kittycannon ItsNiki
[20:15:52] [Server thread/INFO]: dingy_is_hot issued server command: /kittycannon ItsNiki
[20:15:52] [Server thread/INFO]: dingy_is_hot issued server command: /kittycannon ItsNiki
[20:15:53] [Server thread/INFO]: dingy_is_hot issued server command: /kittycannon ItsNiki
[20:15:53] [Server thread/INFO]: dingy_is_hot issued server command: /kittycannon ItsNiki
[20:15:54] [Server thread/INFO]: dingy_is_hot issued server command: /kittycannon ItsNiki
[20:15:54] [Server thread/INFO]: dingy_is_hot issued server command: /kittycannon ItsNiki
[20:15:55] [Server thread/INFO]: dingy_is_hot issued server command: /kittycannon ItsNiki
[20:16:01] [Server thread/INFO]: dingy_is_hot issued server command: /call
[20:16:26] [Server thread/INFO]: dingy_is_hot issued server command: /pc
[20:16:33] [Server thread/INFO]: dingy_is_hot issued server command: /kq
[20:16:46] [Server thread/INFO]: dingy_is_hot issued server command: /axes
[20:16:55] [Server thread/INFO]: dingy_is_hot issued server command: /?
[20:17:02] [Server thread/INFO]: dingy_is_hot issued server command: /? 2
[20:17:11] [Server thread/INFO]: dingy_is_hot issued server command: /mcMMO
[20:17:14] [Server thread/INFO]: dingy_is_hot issued server command: /mcMMO help 2
[20:17:17] [Server thread/INFO]: dingy_is_hot issued server command: /mcMMO ?
[20:17:51] [Server thread/INFO]: dingy_is_hot issued server command: /inspect ItsNiki
[20:18:01] [Server thread/INFO]: dingy_is_hot issued server command: /inspect ItsNiki
[20:18:11] [Craft Scheduler Thread - 32/INFO]: [Metrics] Connection refused
[20:18:13] [Server thread/INFO]: dingy_is_hot issued server command: /inspect ItsNiki
[20:18:16] [Server thread/INFO]: dingy_is_hot issued server command: /inspect dingy_is_hot
[20:18:24] [Server thread/INFO]: dingy_is_hot issued server command: /inspect dingy_is_hot
[20:18:43] [Server thread/INFO]: dingy_is_hot issued server command: /mmoedit dingy_is_hot repair 1000
[20:18:55] [Server thread/INFO]: dingy_is_hot issued server command: /give dingy_is_hot anvil 1
[20:19:12] [Server thread/INFO]: dingy_is_hot issued server command: /repair
[20:19:25] [Server thread/INFO]: dingy_is_hot issued server command: /repair all
[20:19:30] [Server thread/INFO]: dingy_is_hot issued server command: /repair hand
[20:19:31] [Server thread/INFO]: dingy_is_hot issued server command: /repair hand
[20:19:34] [Server thread/INFO]: dingy_is_hot issued server command: /repair hand
[20:19:40] [Server thread/INFO]: dingy_is_hot issued server command: /repair ?
[20:19:57] [Server thread/INFO]: dingy_is_hot issued server command: /repair
[20:20:02] [Server thread/INFO]: dingy_is_hot issued server command: /repair ?
[20:20:11] [Server thread/INFO]: dingy_is_hot issued server command: /repair 2
[20:20:14] [Server thread/INFO]: dingy_is_hot issued server command: /repair ? 2
[20:20:32] [Server thread/INFO]: dingy_is_hot issued server command: /repair ? 3
[20:20:37] [Server thread/INFO]: dingy_is_hot issued server command: /repair ? 4
[20:20:39] [Server thread/INFO]: dingy_is_hot issued server command: /repair ? 5
[20:20:54] [Server thread/INFO]: dingy_is_hot issued server command: /give dingy_is_hot mcwall
[20:21:31] [Server thread/INFO]: [0;33;22m[0;31;22m[ClearLag] [0;31;1mWarning Ground items will be removed in one minute![m

[20:21:49] [Server thread/INFO]: dingy_is_hot issued server command: /give dingy_is_hot ironblock 1
[20:22:07] [Server thread/INFO]: dingy_is_hot issued server command: /give dingy_is_hot diamon 1
[20:22:10] [Server thread/INFO]: dingy_is_hot issued server command: /give dingy_is_hot diamond 1
[20:22:11] [Server thread/ERROR]: Could not pass event PlayerInteractEvent to mcMMO v1.4.06-b2121
org.bukkit.event.EventException: null
	at org.bukkit.plugin.java.JavaPluginLoader$1.execute(JavaPluginLoader.java:302) ~[patched_1.8.8.jar:git-PaperSpigot-445]
	at co.aikar.timings.TimedEventExecutor.execute(TimedEventExecutor.java:78) ~[patched_1.8.8.jar:git-PaperSpigot-445]
	at org.bukkit.plugin.RegisteredListener.callEvent(RegisteredListener.java:62) ~[patched_1.8.8.jar:git-PaperSpigot-445]
	at org.bukkit.plugin.SimplePluginManager.fireEvent(SimplePluginManager.java:517) [patched_1.8.8.jar:git-PaperSpigot-445]
	at org.bukkit.plugin.SimplePluginManager.callEvent(SimplePluginManager.java:502) [patched_1.8.8.jar:git-PaperSpigot-445]
	at org.bukkit.craftbukkit.v1_8_R3.event.CraftEventFactory.callPlayerInteractEvent(CraftEventFactory.java:228) [patched_1.8.8.jar:git-PaperSpigot-445]
	at net.minecraft.server.v1_8_R3.PlayerInteractManager.interact(PlayerInteractManager.java:463) [patched_1.8.8.jar:git-PaperSpigot-445]
	at net.minecraft.server.v1_8_R3.PlayerConnection.a(PlayerConnection.java:763) [patched_1.8.8.jar:git-PaperSpigot-445]
	at net.minecraft.server.v1_8_R3.PacketPlayInBlockPlace.a(PacketPlayInBlockPlace.java:52) [patched_1.8.8.jar:git-PaperSpigot-445]
	at net.minecraft.server.v1_8_R3.PacketPlayInBlockPlace.a(PacketPlayInBlockPlace.java:1) [patched_1.8.8.jar:git-PaperSpigot-445]
	at net.minecraft.server.v1_8_R3.PlayerConnectionUtils$1.run(SourceFile:13) [patched_1.8.8.jar:git-PaperSpigot-445]
	at java.util.concurrent.Executors$RunnableAdapter.call(Executors.java:545) [?:?]
	at java.util.concurrent.FutureTask.run(FutureTask.java:328) [?:?]
	at net.minecraft.server.v1_8_R3.SystemUtils.a(SourceFile:44) [patched_1.8.8.jar:git-PaperSpigot-445]
	at net.minecraft.server.v1_8_R3.MinecraftServer.B(MinecraftServer.java:774) [patched_1.8.8.jar:git-PaperSpigot-445]
	at net.minecraft.server.v1_8_R3.DedicatedServer.B(DedicatedServer.java:378) [patched_1.8.8.jar:git-PaperSpigot-445]
	at net.minecraft.server.v1_8_R3.MinecraftServer.A(MinecraftServer.java:713) [patched_1.8.8.jar:git-PaperSpigot-445]
	at net.minecraft.server.v1_8_R3.MinecraftServer.run(MinecraftServer.java:616) [patched_1.8.8.jar:git-PaperSpigot-445]
	at java.lang.Thread.run(Thread.java:1474) [?:?]
Caused by: java.lang.IllegalArgumentException: Enchantment level is either too low or too high (given 4, bounds are 1 to 3)
	at org.bukkit.inventory.ItemStack.addEnchantment(ItemStack.java:438) ~[patched_1.8.8.jar:git-PaperSpigot-445]
	at com.gmail.nossr50.skills.repair.RepairManager.addEnchants(RepairManager.java:349) ~[?:?]
	at com.gmail.nossr50.skills.repair.RepairManager.handleRepair(RepairManager.java:151) ~[?:?]
	at com.gmail.nossr50.listeners.PlayerListener.onPlayerInteractLowest(PlayerListener.java:349) ~[?:?]
	at jdk.internal.reflect.DirectMethodHandleAccessor.invoke(DirectMethodHandleAccessor.java:104) ~[?:?]
	at java.lang.reflect.Method.invoke(Method.java:565) ~[?:?]
	at org.bukkit.plugin.java.JavaPluginLoader$1.execute(JavaPluginLoader.java:300) ~[patched_1.8.8.jar:git-PaperSpigot-445]
	... 18 more
[20:22:31] [Server thread/INFO]: [0;33;22m[0;33;22m[ClearLag] [0;32;1mRemoved 1 Entities![m

[20:24:43] [Server thread/INFO]: ItsNiki was killed trying to hurt dingy_is_hot
[20:24:46] [Server thread/INFO]: CommandBlock at 185,142,-185 issued server command: /gamemode adventure ItsNiki
[20:24:50] [Server thread/INFO]: ItsNiki issued server command: /home
[20:24:53] [Server thread/INFO]: ItsNiki issued server command: /home 1
[20:25:14] [Server thread/INFO]: dingy_is_hot issued server command: /gamemode c
[20:26:21] [Server thread/INFO]: ItsNiki issued server command: /tpa dingy_is_hot
[20:26:45] [Server thread/INFO]: CommandBlock at 184,143,-190 issued server command: /gamemode p[r=9] s
[20:26:45] [Server thread/INFO]: CommandBlock at 184,143,-192 issued server command: /tp dingy_is_hot 238 82 -135
[20:26:48] [Server thread/INFO]: dingy_is_hot issued server command: /tpaccept
[20:26:57] [Server thread/INFO]: dingy_is_hot issued server command: /gamemode s
[20:26:59] [Server thread/INFO]: dingy_is_hot issued server command: /spawn
[20:27:05] [Server thread/INFO]: CommandBlock at 185,142,-185 issued server command: /gamemode adventure dingy_is_hot
[20:27:06] [Server thread/INFO]: CommandBlock at 185,142,-185 issued server command: /gamemode adventure dingy_is_hot
[20:27:09] [Server thread/INFO]: CommandBlock at 184,143,-190 issued server command: /gamemode p[r=9] s
[20:27:09] [Server thread/INFO]: CommandBlock at 184,143,-192 issued server command: /tp dingy_is_hot 238 82 -135
[20:27:13] [Server thread/INFO]: dingy_is_hot issued server command: /spawn
[20:27:16] [Server thread/INFO]: dingy_is_hot issued server command: /gamemode c
[20:27:40] [Server thread/INFO]: dingy_is_hot issued server command: /gamemode c
[20:27:41] [Server thread/INFO]: CommandBlock at 184,143,-190 issued server command: /gamemode dingy_is_hot s
[20:27:41] [Server thread/INFO]: CommandBlock at 184,143,-192 issued server command: /tp dingy_is_hot 238 82 -135
[20:27:45] [Server thread/INFO]: dingy_is_hot issued server command: /spawn
[20:28:03] [Server thread/INFO]: CommandBlock at 184,143,-190 issued server command: /gamemode dingy_is_hot s
[20:28:03] [Server thread/INFO]: CommandBlock at 184,143,-192 issued server command: /tp dingy_is_hot 238 82 -135
[20:28:06] [Server thread/INFO]: dingy_is_hot issued server command: /spawn
[20:28:11] [Server thread/INFO]: [0;33;22m[0;31;22m[ClearLag] [0;31;1mWarning Ground items will be removed in one minute![m

[20:28:11] [Craft Scheduler Thread - 32/INFO]: [Metrics] Connection refused
[20:28:14] [Server thread/INFO]: CommandBlock at 184,143,-190 issued server command: /gamemode dingy_is_hot s
[20:28:14] [Server thread/INFO]: CommandBlock at 184,143,-192 issued server command: /tp dingy_is_hot 238 82 -135
[20:28:16] [Server thread/INFO]: dingy_is_hot issued server command: /spawn
[20:28:28] [Server thread/INFO]: CommandBlock at 184,143,-190 issued server command: /gamemode dingy_is_hot survival
[20:28:28] [Server thread/INFO]: CommandBlock at 184,143,-192 issued server command: /tp dingy_is_hot 238 82 -135
[20:28:30] [Server thread/INFO]: dingy_is_hot issued server command: /spawn
[20:28:55] [Server thread/INFO]: CommandBlock at 184,143,-190 issued server command: /gamemode dingy_is_hot survival
[20:28:56] [Server thread/INFO]: CommandBlock at 184,143,-192 issued server command: /tp dingy_is_hot 238 82 -135
[20:28:58] [Server thread/INFO]: dingy_is_hot issued server command: /spawn
[20:29:07] [Server thread/INFO]: CommandBlock at 184,143,-190 issued server command: /gamemode dingy_is_hot 3
[20:29:07] [Server thread/INFO]: CommandBlock at 184,143,-192 issued server command: /tp dingy_is_hot 238 82 -135
[20:29:08] [Server thread/INFO]: dingy_is_hot issued server command: /spawn
[20:29:11] [Server thread/INFO]: [0;33;22m[0;33;22m[ClearLag] [0;32;1mRemoved 1 Entities![m

[20:29:14] [Server thread/INFO]: dingy_is_hot issued server command: /gamemode @p[r=10] s
[20:29:19] [Server thread/INFO]: dingy_is_hot issued server command: /gamemode @p[r=10] s
[20:29:23] [Server thread/INFO]: CommandBlock at 184,143,-190 issued server command: /gamemode dingy_is_hot s
[20:29:23] [Server thread/INFO]: CommandBlock at 184,143,-192 issued server command: /tp dingy_is_hot 238 82 -135
[20:29:25] [Server thread/INFO]: dingy_is_hot issued server command: /spawn
[20:29:43] [Server thread/INFO]: CommandBlock at 184,143,-190 issued server command: /gamemode s dingy_is_hot
[20:29:44] [Server thread/INFO]: CommandBlock at 184,143,-192 issued server command: /tp dingy_is_hot 238 82 -135
[20:31:13] [Server thread/INFO]: ItsNiki tried to swim in lava to escape dingy_is_hot
[20:31:15] [Server thread/INFO]: CommandBlock at 185,142,-185 issued server command: /gamemode adventure ItsNiki
[20:31:28] [Server thread/INFO]: dingy_is_hot issued server command: /summon Chicken
[20:31:28] [Server thread/INFO]: [dingy_is_hot: Object successfully summoned]
[20:31:29] [Server thread/INFO]: dingy_is_hot issued server command: /summon Chicken
[20:31:29] [Server thread/INFO]: [dingy_is_hot: Object successfully summoned]
[20:31:29] [Server thread/INFO]: dingy_is_hot issued server command: /summon Chicken
[20:31:29] [Server thread/INFO]: [dingy_is_hot: Object successfully summoned]
[20:31:30] [Server thread/INFO]: dingy_is_hot issued server command: /summon Chicken
[20:31:30] [Server thread/INFO]: [dingy_is_hot: Object successfully summoned]
[20:31:31] [Server thread/INFO]: dingy_is_hot issued server command: /summon Chicken
[20:31:31] [Server thread/INFO]: [dingy_is_hot: Object successfully summoned]
[20:31:34] [Server thread/INFO]: dingy_is_hot issued server command: /summon Chicken
[20:31:34] [Server thread/INFO]: [dingy_is_hot: Object successfully summoned]
[20:31:34] [Server thread/INFO]: dingy_is_hot issued server command: /summon Chicken
[20:31:34] [Server thread/INFO]: [dingy_is_hot: Object successfully summoned]
[20:31:35] [Server thread/INFO]: dingy_is_hot issued server command: /summon Chicken
[20:31:35] [Server thread/INFO]: [dingy_is_hot: Object successfully summoned]
[20:31:35] [Server thread/INFO]: dingy_is_hot issued server command: /summon Chicken
[20:31:35] [Server thread/INFO]: [dingy_is_hot: Object successfully summoned]
[20:31:36] [Server thread/INFO]: dingy_is_hot issued server command: /summon Chicken
[20:31:36] [Server thread/INFO]: [dingy_is_hot: Object successfully summoned]
[20:31:36] [Server thread/INFO]: dingy_is_hot issued server command: /summon Chicken
[20:31:36] [Server thread/INFO]: [dingy_is_hot: Object successfully summoned]
[20:31:37] [Server thread/INFO]: dingy_is_hot issued server command: /summon Chicken
[20:31:37] [Server thread/INFO]: [dingy_is_hot: Object successfully summoned]
[20:31:37] [Server thread/INFO]: dingy_is_hot issued server command: /summon Chicken
[20:31:37] [Server thread/INFO]: [dingy_is_hot: Object successfully summoned]
[20:31:38] [Server thread/INFO]: dingy_is_hot issued server command: /summon Chicken
[20:31:38] [Server thread/INFO]: [dingy_is_hot: Object successfully summoned]
[20:31:38] [Server thread/INFO]: dingy_is_hot issued server command: /summon Chicken
[20:31:38] [Server thread/INFO]: [dingy_is_hot: Object successfully summoned]
[20:31:39] [Server thread/INFO]: dingy_is_hot issued server command: /summon Chicken
[20:31:39] [Server thread/INFO]: [dingy_is_hot: Object successfully summoned]
[20:31:39] [Server thread/INFO]: dingy_is_hot issued server command: /summon Chicken
[20:31:39] [Server thread/INFO]: [dingy_is_hot: Object successfully summoned]
[20:31:40] [Server thread/INFO]: CommandBlock at 184,143,-190 issued server command: /gamemode s ItsNiki
[20:31:40] [Server thread/INFO]: dingy_is_hot issued server command: /summon Chicken
[20:31:40] [Server thread/INFO]: [dingy_is_hot: Object successfully summoned]
[20:31:41] [Server thread/INFO]: dingy_is_hot issued server command: /summon Chicken
[20:31:41] [Server thread/INFO]: [dingy_is_hot: Object successfully summoned]
[20:31:41] [Server thread/INFO]: dingy_is_hot issued server command: /summon Chicken
[20:31:41] [Server thread/INFO]: [dingy_is_hot: Object successfully summoned]
[20:31:41] [Server thread/INFO]: CommandBlock at 184,143,-190 issued server command: /gamemode s ItsNiki
[20:31:42] [Server thread/INFO]: CommandBlock at 184,143,-192 issued server command: /tp ItsNiki 238 82 -135
[20:31:43] [Server thread/INFO]: dingy_is_hot issued server command: /summon Chicken
[20:31:43] [Server thread/INFO]: [dingy_is_hot: Object successfully summoned]
[20:31:43] [Server thread/INFO]: dingy_is_hot issued server command: /summon Chicken
[20:31:43] [Server thread/INFO]: [dingy_is_hot: Object successfully summoned]
[20:31:44] [Server thread/INFO]: dingy_is_hot issued server command: /summon Chicken
[20:31:44] [Server thread/INFO]: [dingy_is_hot: Object successfully summoned]
[20:31:44] [Server thread/INFO]: dingy_is_hot issued server command: /summon Chicken
[20:31:44] [Server thread/INFO]: [dingy_is_hot: Object successfully summoned]
[20:31:45] [Server thread/INFO]: dingy_is_hot issued server command: /summon Chicken
[20:31:45] [Server thread/INFO]: [dingy_is_hot: Object successfully summoned]
[20:31:46] [Server thread/INFO]: dingy_is_hot issued server command: /
[20:31:47] [Server thread/INFO]: dingy_is_hot issued server command: /summon Chicken
[20:31:47] [Server thread/INFO]: [dingy_is_hot: Object successfully summoned]
[20:31:47] [Server thread/INFO]: dingy_is_hot issued server command: /summon Chicken
[20:31:47] [Server thread/INFO]: [dingy_is_hot: Object successfully summoned]
[20:31:48] [Server thread/INFO]: dingy_is_hot issued server command: /summon Chicken
[20:31:48] [Server thread/INFO]: [dingy_is_hot: Object successfully summoned]
[20:31:49] [Server thread/INFO]: dingy_is_hot issued server command: /summon Chicken
[20:31:49] [Server thread/INFO]: [dingy_is_hot: Object successfully summoned]
[20:31:49] [Server thread/INFO]: dingy_is_hot issued server command: /summon Chicken
[20:31:49] [Server thread/INFO]: [dingy_is_hot: Object successfully summoned]
[20:31:50] [Server thread/INFO]: dingy_is_hot issued server command: /summon Chicken
[20:31:50] [Server thread/INFO]: [dingy_is_hot: Object successfully summoned]
[20:31:50] [Server thread/INFO]: dingy_is_hot issued server command: /summon Chicken
[20:31:50] [Server thread/INFO]: [dingy_is_hot: Object successfully summoned]
[20:31:51] [Server thread/INFO]: dingy_is_hot issued server command: /summon Chicken
[20:31:51] [Server thread/INFO]: [dingy_is_hot: Object successfully summoned]
[20:31:51] [Server thread/INFO]: dingy_is_hot issued server command: /summon Chicken
[20:31:51] [Server thread/INFO]: [dingy_is_hot: Object successfully summoned]
[20:31:52] [Server thread/INFO]: dingy_is_hot issued server command: /summon Chicken
[20:31:52] [Server thread/INFO]: [dingy_is_hot: Object successfully summoned]
[20:31:53] [Server thread/INFO]: dingy_is_hot issued server command: /summon Chicken
[20:31:53] [Server thread/INFO]: [dingy_is_hot: Object successfully summoned]
[20:31:53] [Server thread/INFO]: dingy_is_hot issued server command: /summon Chicken
[20:31:53] [Server thread/INFO]: [dingy_is_hot: Object successfully summoned]
[20:31:54] [Server thread/INFO]: dingy_is_hot issued server command: /summon Chicken
[20:31:54] [Server thread/INFO]: [dingy_is_hot: Object successfully summoned]
[20:31:54] [Server thread/INFO]: dingy_is_hot issued server command: /summon Chicken
[20:31:54] [Server thread/INFO]: [dingy_is_hot: Object successfully summoned]
[20:31:55] [Server thread/INFO]: dingy_is_hot issued server command: /summon Chicken
[20:31:55] [Server thread/INFO]: [dingy_is_hot: Object successfully summoned]
[20:31:56] [Server thread/INFO]: dingy_is_hot issued server command: /summon Chicken
[20:31:56] [Server thread/INFO]: [dingy_is_hot: Object successfully summoned]
[20:31:56] [Server thread/INFO]: dingy_is_hot issued server command: /summon Chicken
[20:31:56] [Server thread/INFO]: [dingy_is_hot: Object successfully summoned]
[20:31:57] [Server thread/INFO]: dingy_is_hot issued server command: /summon Chicken
[20:31:57] [Server thread/INFO]: [dingy_is_hot: Object successfully summoned]
[20:31:57] [Server thread/INFO]: dingy_is_hot issued server command: /summon Chicken
[20:31:57] [Server thread/INFO]: [dingy_is_hot: Object successfully summoned]
[20:31:58] [Server thread/INFO]: dingy_is_hot issued server command: /summon Chicken
[20:31:58] [Server thread/INFO]: [dingy_is_hot: Object successfully summoned]
[20:31:59] [Server thread/INFO]: dingy_is_hot issued server command: /summon Chicken
[20:31:59] [Server thread/INFO]: [dingy_is_hot: Object successfully summoned]
[20:31:59] [Server thread/INFO]: dingy_is_hot issued server command: /summon Chicken
[20:31:59] [Server thread/INFO]: [dingy_is_hot: Object successfully summoned]
[20:32:00] [Server thread/INFO]: dingy_is_hot issued server command: /summon Chicken
[20:32:00] [Server thread/INFO]: [dingy_is_hot: Object successfully summoned]
[20:32:01] [Server thread/INFO]: dingy_is_hot issued server command: /summon Chicken
[20:32:01] [Server thread/INFO]: [dingy_is_hot: Object successfully summoned]
[20:32:01] [Server thread/INFO]: dingy_is_hot issued server command: /summon Chicken
[20:32:01] [Server thread/INFO]: [dingy_is_hot: Object successfully summoned]
[20:32:02] [Server thread/INFO]: dingy_is_hot issued server command: /summon Chicken
[20:32:02] [Server thread/INFO]: [dingy_is_hot: Object successfully summoned]
[20:32:03] [Server thread/INFO]: dingy_is_hot issued server command: /summon Chicken
[20:32:03] [Server thread/INFO]: [dingy_is_hot: Object successfully summoned]
[20:32:07] [Server thread/INFO]: dingy_is_hot issued server command: /summon Sheep
[20:32:07] [Server thread/INFO]: [dingy_is_hot: Object successfully summoned]
[20:32:07] [Server thread/INFO]: dingy_is_hot issued server command: /summon Sheep
[20:32:07] [Server thread/INFO]: [dingy_is_hot: Object successfully summoned]
[20:32:08] [Server thread/INFO]: dingy_is_hot issued server command: /summon Sheep
[20:32:08] [Server thread/INFO]: [dingy_is_hot: Object successfully summoned]
[20:32:09] [Server thread/INFO]: dingy_is_hot issued server command: /summon Sheep
[20:32:09] [Server thread/INFO]: [dingy_is_hot: Object successfully summoned]
[20:32:10] [Server thread/INFO]: dingy_is_hot issued server command: /summon Sheep
[20:32:10] [Server thread/INFO]: [dingy_is_hot: Object successfully summoned]
[20:32:10] [Server thread/INFO]: dingy_is_hot issued server command: /summon Sheep
[20:32:10] [Server thread/INFO]: [dingy_is_hot: Object successfully summoned]
[20:32:11] [Server thread/INFO]: dingy_is_hot issued server command: /summon Sheep
[20:32:11] [Server thread/INFO]: [dingy_is_hot: Object successfully summoned]
[20:32:11] [Server thread/INFO]: dingy_is_hot issued server command: /summon Sheep
[20:32:11] [Server thread/INFO]: [dingy_is_hot: Object successfully summoned]
[20:32:12] [Server thread/INFO]: dingy_is_hot issued server command: /summon Sheep
[20:32:12] [Server thread/INFO]: [dingy_is_hot: Object successfully summoned]
[20:32:12] [Server thread/INFO]: dingy_is_hot issued server command: /summon Sheep
[20:32:12] [Server thread/INFO]: [dingy_is_hot: Object successfully summoned]
[20:32:13] [Server thread/INFO]: dingy_is_hot issued server command: /summon Sheep
[20:32:13] [Server thread/INFO]: [dingy_is_hot: Object successfully summoned]
[20:32:13] [Server thread/INFO]: dingy_is_hot issued server command: /summon Sheep
[20:32:13] [Server thread/INFO]: [dingy_is_hot: Object successfully summoned]
[20:32:14] [Server thread/INFO]: dingy_is_hot issued server command: /summon Sheep
[20:32:14] [Server thread/INFO]: [dingy_is_hot: Object successfully summoned]
[20:32:15] [Server thread/INFO]: dingy_is_hot issued server command: /summon Sheep
[20:32:15] [Server thread/INFO]: [dingy_is_hot: Object successfully summoned]
[20:32:15] [Server thread/INFO]: dingy_is_hot issued server command: /summon Sheep
[20:32:15] [Server thread/INFO]: [dingy_is_hot: Object successfully summoned]
[20:32:16] [Server thread/INFO]: dingy_is_hot issued server command: /summon Sheep
[20:32:16] [Server thread/INFO]: [dingy_is_hot: Object successfully summoned]
[20:32:16] [Server thread/INFO]: dingy_is_hot issued server command: /summon Sheep
[20:32:16] [Server thread/INFO]: [dingy_is_hot: Object successfully summoned]
[20:32:17] [Server thread/INFO]: dingy_is_hot issued server command: /summon Sheep
[20:32:17] [Server thread/INFO]: [dingy_is_hot: Object successfully summoned]
[20:32:17] [Server thread/INFO]: dingy_is_hot issued server command: /summon Sheep
[20:32:17] [Server thread/INFO]: [dingy_is_hot: Object successfully summoned]
[20:32:18] [Server thread/INFO]: dingy_is_hot issued server command: /summon Sheep
[20:32:18] [Server thread/INFO]: [dingy_is_hot: Object successfully summoned]
[20:32:18] [Server thread/INFO]: dingy_is_hot issued server command: /summon Sheep
[20:32:18] [Server thread/INFO]: [dingy_is_hot: Object successfully summoned]
[20:32:19] [Server thread/INFO]: dingy_is_hot issued server command: /summon Sheep
[20:32:19] [Server thread/INFO]: [dingy_is_hot: Object successfully summoned]
[20:32:20] [Server thread/INFO]: dingy_is_hot issued server command: /summon Sheep
[20:32:20] [Server thread/INFO]: [dingy_is_hot: Object successfully summoned]
[20:32:20] [Server thread/INFO]: dingy_is_hot issued server command: /summon Sheep
[20:32:20] [Server thread/INFO]: [dingy_is_hot: Object successfully summoned]
[20:32:21] [Server thread/INFO]: dingy_is_hot issued server command: /summon Sheep
[20:32:21] [Server thread/INFO]: [dingy_is_hot: Object successfully summoned]
[20:32:21] [Server thread/INFO]: dingy_is_hot issued server command: /summon Sheep
[20:32:21] [Server thread/INFO]: [dingy_is_hot: Object successfully summoned]
[20:32:22] [Server thread/INFO]: dingy_is_hot issued server command: /summon Sheep
[20:32:22] [Server thread/INFO]: [dingy_is_hot: Object successfully summoned]
[20:32:23] [Server thread/INFO]: dingy_is_hot issued server command: /summon Sheep
[20:32:23] [Server thread/INFO]: [dingy_is_hot: Object successfully summoned]
[20:32:23] [Server thread/INFO]: dingy_is_hot issued server command: /summon Sheep
[20:32:23] [Server thread/INFO]: [dingy_is_hot: Object successfully summoned]
[20:32:24] [Server thread/INFO]: dingy_is_hot issued server command: /summon Sheep
[20:32:24] [Server thread/INFO]: [dingy_is_hot: Object successfully summoned]
[20:32:24] [Server thread/INFO]: dingy_is_hot issued server command: /summon Sheep
[20:32:24] [Server thread/INFO]: [dingy_is_hot: Object successfully summoned]
[20:32:25] [Server thread/INFO]: dingy_is_hot issued server command: /summon Sheep
[20:32:25] [Server thread/INFO]: [dingy_is_hot: Object successfully summoned]
[20:32:25] [Server thread/INFO]: dingy_is_hot issued server command: /summon Sheep
[20:32:25] [Server thread/INFO]: [dingy_is_hot: Object successfully summoned]
[20:32:26] [Server thread/INFO]: dingy_is_hot issued server command: /summon Sheep
[20:32:26] [Server thread/INFO]: [dingy_is_hot: Object successfully summoned]
[20:32:27] [Server thread/INFO]: dingy_is_hot issued server command: /summon Sheep
[20:32:27] [Server thread/INFO]: [dingy_is_hot: Object successfully summoned]
[20:32:27] [Server thread/INFO]: dingy_is_hot issued server command: /summon Sheep
[20:32:27] [Server thread/INFO]: [dingy_is_hot: Object successfully summoned]
[20:32:28] [Server thread/INFO]: dingy_is_hot issued server command: /summon Sheep
[20:32:28] [Server thread/INFO]: [dingy_is_hot: Object successfully summoned]
[20:32:29] [Server thread/INFO]: dingy_is_hot issued server command: /summon Sheep
[20:32:29] [Server thread/INFO]: [dingy_is_hot: Object successfully summoned]
[20:32:31] [Server thread/INFO]: dingy_is_hot issued server command: /summon Cow
[20:32:31] [Server thread/INFO]: [dingy_is_hot: Object successfully summoned]
[20:32:32] [Server thread/INFO]: dingy_is_hot issued server command: /summon Cow
[20:32:32] [Server thread/INFO]: [dingy_is_hot: Object successfully summoned]
[20:32:32] [Server thread/INFO]: dingy_is_hot issued server command: /summon Cow
[20:32:32] [Server thread/INFO]: [dingy_is_hot: Object successfully summoned]
[20:32:33] [Server thread/INFO]: dingy_is_hot issued server command: /summon Cow
[20:32:33] [Server thread/INFO]: [dingy_is_hot: Object successfully summoned]
[20:32:34] [Server thread/INFO]: dingy_is_hot issued server command: /summon Cow
[20:32:34] [Server thread/INFO]: [dingy_is_hot: Object successfully summoned]
[20:32:34] [Server thread/INFO]: dingy_is_hot issued server command: /summon Cow
[20:32:34] [Server thread/INFO]: [dingy_is_hot: Object successfully summoned]
[20:32:35] [Server thread/INFO]: dingy_is_hot issued server command: /summon Cow
[20:32:35] [Server thread/INFO]: [dingy_is_hot: Object successfully summoned]
[20:32:35] [Server thread/INFO]: dingy_is_hot issued server command: /summon Cow
[20:32:35] [Server thread/INFO]: [dingy_is_hot: Object successfully summoned]
[20:32:36] [Server thread/INFO]: dingy_is_hot issued server command: /summon Cow
[20:32:36] [Server thread/INFO]: [dingy_is_hot: Object successfully summoned]
[20:32:36] [Server thread/INFO]: dingy_is_hot issued server command: /summon Cow
[20:32:36] [Server thread/INFO]: [dingy_is_hot: Object successfully summoned]
[20:32:37] [Server thread/INFO]: dingy_is_hot issued server command: /summon Cow
[20:32:37] [Server thread/INFO]: [dingy_is_hot: Object successfully summoned]
[20:32:38] [Server thread/INFO]: dingy_is_hot issued server command: /summon Cow
[20:32:38] [Server thread/INFO]: [dingy_is_hot: Object successfully summoned]
[20:32:38] [Server thread/INFO]: dingy_is_hot issued server command: /summon Cow
[20:32:38] [Server thread/INFO]: [dingy_is_hot: Object successfully summoned]
[20:32:39] [Server thread/INFO]: dingy_is_hot issued server command: /summon Cow
[20:32:39] [Server thread/INFO]: [dingy_is_hot: Object successfully summoned]
[20:32:39] [Server thread/INFO]: dingy_is_hot issued server command: /summon Cow
[20:32:39] [Server thread/INFO]: [dingy_is_hot: Object successfully summoned]
[20:32:40] [Server thread/INFO]: dingy_is_hot issued server command: /summon Cow
[20:32:40] [Server thread/INFO]: [dingy_is_hot: Object successfully summoned]
[20:32:40] [Server thread/INFO]: dingy_is_hot issued server command: /summon Cow
[20:32:40] [Server thread/INFO]: [dingy_is_hot: Object successfully summoned]
[20:32:41] [Server thread/INFO]: dingy_is_hot issued server command: /summon Cow
[20:32:41] [Server thread/INFO]: [dingy_is_hot: Object successfully summoned]
[20:32:42] [Server thread/INFO]: dingy_is_hot issued server command: /summon Cow
[20:32:42] [Server thread/INFO]: [dingy_is_hot: Object successfully summoned]
[20:32:42] [Server thread/INFO]: dingy_is_hot issued server command: /summon Cow
[20:32:42] [Server thread/INFO]: [dingy_is_hot: Object successfully summoned]
[20:32:43] [Server thread/INFO]: dingy_is_hot issued server command: /summon Cow
[20:32:43] [Server thread/INFO]: [dingy_is_hot: Object successfully summoned]
[20:32:43] [Server thread/INFO]: dingy_is_hot issued server command: /summon Cow
[20:32:43] [Server thread/INFO]: [dingy_is_hot: Object successfully summoned]
[20:32:44] [Server thread/INFO]: dingy_is_hot issued server command: /summon Cow
[20:32:44] [Server thread/INFO]: [dingy_is_hot: Object successfully summoned]
[20:32:44] [Server thread/INFO]: dingy_is_hot issued server command: /summon Cow
[20:32:44] [Server thread/INFO]: [dingy_is_hot: Object successfully summoned]
[20:32:45] [Server thread/INFO]: dingy_is_hot issued server command: /summon Cow
[20:32:45] [Server thread/INFO]: [dingy_is_hot: Object successfully summoned]
[20:32:46] [Server thread/INFO]: dingy_is_hot issued server command: /summon Cow
[20:32:46] [Server thread/INFO]: [dingy_is_hot: Object successfully summoned]
[20:32:46] [Server thread/INFO]: dingy_is_hot issued server command: /summon Cow
[20:32:46] [Server thread/INFO]: [dingy_is_hot: Object successfully summoned]
[20:32:47] [Server thread/INFO]: dingy_is_hot issued server command: /summon Cow
[20:32:47] [Server thread/INFO]: [dingy_is_hot: Object successfully summoned]
[20:32:50] [Server thread/INFO]: dingy_is_hot issued server command: /summon Cow
[20:32:50] [Server thread/INFO]: [dingy_is_hot: Object successfully summoned]
[20:32:50] [Server thread/INFO]: dingy_is_hot issued server command: /summon Cow
[20:32:50] [Server thread/INFO]: [dingy_is_hot: Object successfully summoned]
[20:32:51] [Server thread/INFO]: dingy_is_hot issued server command: /summon Cow
[20:32:51] [Server thread/INFO]: [dingy_is_hot: Object successfully summoned]
[20:32:51] [Server thread/INFO]: dingy_is_hot issued server command: /summon Cow
[20:32:51] [Server thread/INFO]: [dingy_is_hot: Object successfully summoned]
[20:32:52] [Server thread/INFO]: dingy_is_hot issued server command: /summon Cow
[20:32:52] [Server thread/INFO]: [dingy_is_hot: Object successfully summoned]
[20:32:52] [Server thread/INFO]: dingy_is_hot issued server command: /summon Cow
[20:32:52] [Server thread/INFO]: [dingy_is_hot: Object successfully summoned]
[20:32:53] [Server thread/INFO]: dingy_is_hot issued server command: /summon Cow
[20:32:53] [Server thread/INFO]: [dingy_is_hot: Object successfully summoned]
[20:32:54] [Server thread/INFO]: dingy_is_hot issued server command: /summon Cow
[20:32:54] [Server thread/INFO]: [dingy_is_hot: Object successfully summoned]
[20:32:54] [Server thread/INFO]: dingy_is_hot issued server command: /summon Cow
[20:32:54] [Server thread/INFO]: [dingy_is_hot: Object successfully summoned]
[20:32:55] [Server thread/INFO]: dingy_is_hot issued server command: /summon Cow
[20:32:55] [Server thread/INFO]: [dingy_is_hot: Object successfully summoned]
[20:32:55] [Server thread/INFO]: dingy_is_hot issued server command: /summon Cow
[20:32:55] [Server thread/INFO]: [dingy_is_hot: Object successfully summoned]
[20:32:56] [Server thread/INFO]: dingy_is_hot issued server command: /summon Cow
[20:32:56] [Server thread/INFO]: [dingy_is_hot: Object successfully summoned]
[20:32:57] [Server thread/INFO]: dingy_is_hot issued server command: /summon Cow
[20:32:57] [Server thread/INFO]: [dingy_is_hot: Object successfully summoned]
[20:32:57] [Server thread/INFO]: dingy_is_hot issued server command: /summon Cow
[20:32:57] [Server thread/INFO]: [dingy_is_hot: Object successfully summoned]
[20:32:58] [Server thread/INFO]: dingy_is_hot issued server command: /summon Cow
[20:32:58] [Server thread/INFO]: [dingy_is_hot: Object successfully summoned]
[20:32:58] [Server thread/INFO]: dingy_is_hot issued server command: /summon Cow
[20:32:58] [Server thread/INFO]: [dingy_is_hot: Object successfully summoned]
[20:33:49] [Server thread/INFO]: ItsNiki tried to swim in lava
[20:33:51] [Server thread/INFO]: CommandBlock at 185,142,-185 issued server command: /gamemode adventure ItsNiki
[20:33:54] [Server thread/INFO]: CommandBlock at 184,143,-190 issued server command: /gamemode s ItsNiki
[20:33:54] [Server thread/INFO]: CommandBlock at 184,143,-192 issued server command: /tp ItsNiki 238 82 -135
[20:34:20] [Server thread/INFO]: ItsNiki was burnt to a crisp whilst fighting dingy_is_hot
[20:34:23] [Server thread/INFO]: CommandBlock at 185,142,-185 issued server command: /gamemode adventure ItsNiki
[20:34:24] [Server thread/INFO]: CommandBlock at 184,143,-190 issued server command: /gamemode s ItsNiki
[20:34:25] [Server thread/INFO]: CommandBlock at 184,143,-192 issued server command: /tp ItsNiki 238 82 -135
[20:34:51] [Server thread/INFO]: [0;33;22m[0;31;22m[ClearLag] [0;31;1mWarning Ground items will be removed in one minute![m

[20:35:23] [Server thread/INFO]: ItsNiki was slain by dingy_is_hot
[20:35:25] [Server thread/INFO]: CommandBlock at 185,142,-185 issued server command: /gamemode adventure ItsNiki
[20:35:39] [Server thread/INFO]: dingy_is_hot issued server command: /give dingy_is_hot woodensword'
[20:35:41] [Server thread/INFO]: dingy_is_hot issued server command: /give dingy_is_hot woodensword
[20:35:42] [Server thread/INFO]: CommandBlock at 184,143,-190 issued server command: /gamemode s ItsNiki
[20:35:45] [Server thread/INFO]: CommandBlock at 184,143,-190 issued server command: /gamemode s ItsNiki
[20:35:45] [Server thread/INFO]: CommandBlock at 184,143,-192 issued server command: /tp ItsNiki 238 82 -135
[20:35:51] [Server thread/INFO]: [0;33;22m[0;33;22m[ClearLag] [0;32;1mRemoved 19 Entities![m

[20:35:57] [Server thread/INFO]: dingy_is_hot issued server command: /enchant knockback 10
[20:36:00] [Server thread/INFO]: dingy_is_hot issued server command: /enchant knockback 5
[20:36:08] [Server thread/INFO]: dingy_is_hot issued server command: /enchant knockback 2
[20:36:36] [Server thread/INFO]: dingy_is_hot issued server command: /clear dingy_is_hot woodensword
[20:36:39] [Server thread/INFO]: dingy_is_hot issued server command: /clear dingy_is_hot woodensword
[20:36:49] [Server thread/INFO]: dingy_is_hot issued server command: /give dingy_is_hot woodensword
[20:36:51] [Server thread/INFO]: dingy_is_hot issued server command: /enchant knockback 2
[20:37:16] [Server thread/INFO]: dingy_is_hot issued server command: /gamemode c
[20:37:24] [Server thread/INFO]: dingy_is_hot issued server command: /gamemode s
[20:37:37] [Server thread/INFO]: dingy_is_hot issued server command: /lagg clear 2
[20:37:41] [Server thread/INFO]: dingy_is_hot issued server command: /lagg clear 2
[20:37:45] [Server thread/INFO]: dingy_is_hot issued server command: /give dingy_is_hot woodensword
[20:37:46] [Server thread/INFO]: dingy_is_hot issued server command: /lagg clear 2
[20:37:52] [Server thread/INFO]: dingy_is_hot issued server command: /enchant knockback 2
[20:38:11] [Craft Scheduler Thread - 39/INFO]: [Metrics] Connection refused
[20:38:44] [Server thread/INFO]: ItsNiki hit the ground too hard
[20:38:46] [Server thread/INFO]: CommandBlock at 185,142,-185 issued server command: /gamemode adventure ItsNiki
[20:38:48] [Server thread/INFO]: CommandBlock at 184,143,-190 issued server command: /gamemode s ItsNiki
[20:38:49] [Server thread/INFO]: CommandBlock at 184,143,-192 issued server command: /tp ItsNiki 238 82 -135
[20:40:02] [Server thread/INFO]: ItsNiki died
[20:40:07] [Server thread/INFO]: CommandBlock at 185,142,-185 issued server command: /gamemode adventure ItsNiki
[20:40:09] [Server thread/INFO]: ItsNiki lost connection: Disconnected
[20:40:09] [Server thread/INFO]: Unknown command. Type "/help" for help.[m

[20:40:40] [Thread-17/INFO]: UUID of player ItsNiki is 6a0b8c65-33c9-3271-8ba3-98bfdfead9d4
[20:40:40] [Server thread/INFO]: is leader = false
[20:40:40] [Server thread/INFO]: [Server] hello ItsNiki
[20:40:40] [Server thread/INFO]: ItsNiki[/[0:0:0:0:0:0:0:1]:53314] logged in with entity id 15335 at ([world]185.0, 144.0, -186.0)
[20:40:43] [Server thread/INFO]: CommandBlock at 185,142,-185 issued server command: /gamemode adventure ItsNiki
[20:40:44] [Server thread/INFO]: CommandBlock at 184,143,-190 issued server command: /gamemode s ItsNiki
[20:40:45] [Server thread/INFO]: §cItsNiki §4was denied access to command.
[20:41:31] [Server thread/INFO]: [0;33;22m[0;31;22m[ClearLag] [0;31;1mWarning Ground items will be removed in one minute![m

[20:41:43] [Server thread/INFO]: dingy_is_hot issued server command: /gamemode c
[20:42:04] [Server thread/INFO]: ItsNiki issued server command: /tpa dingy_is_hot
[20:42:17] [Server thread/INFO]: dingy_is_hot issued server command: /
[20:42:31] [Server thread/INFO]: [0;33;22m[0;33;22m[ClearLag] [0;32;1mRemoved 16 Entities![m

[20:42:35] [Server thread/INFO]: ItsNiki issued server command: /tpa dingy_is_hot
[20:42:46] [Server thread/INFO]: ItsNiki issued server command: /home 1
[20:43:58] [Server thread/INFO]: dingy_is_hot issued server command: /enderchest
[20:44:02] [Server thread/INFO]: dingy_is_hot issued server command: /gamemode s
[20:44:06] [Server thread/INFO]: ItsNiki lost connection: Disconnected
[20:44:12] [Server thread/INFO]: dingy_is_hot issued server command: /tp dingy_is_hot Its
[20:44:15] [Server thread/INFO]: dingy_is_hot issued server command: /tp dingy_is_hot
[20:44:44] [Thread-18/INFO]: UUID of player ItsNiki is 6a0b8c65-33c9-3271-8ba3-98bfdfead9d4
[20:44:44] [Server thread/INFO]: is leader = false
[20:44:44] [Server thread/INFO]: ItsNiki[/[0:0:0:0:0:0:0:1]:58272] logged in with entity id 15999 at ([world]185.0, 144.0, -186.0)
[20:44:47] [Server thread/INFO]: dingy_is_hot issued server command: /spawn
[20:44:48] [Server thread/INFO]: CommandBlock at 185,142,-185 issued server command: /gamemode adventure ItsNiki
[20:44:49] [Server thread/INFO]: CommandBlock at 184,143,-190 issued server command: /gamemode s ItsNiki
[20:44:50] [Server thread/INFO]: CommandBlock at 184,143,-192 issued server command: /tp ItsNiki 238 82 -135
[20:44:52] [Server thread/INFO]: CommandBlock at 184,143,-190 issued server command: /gamemode s dingy_is_hot
[20:44:53] [Server thread/INFO]: CommandBlock at 184,143,-192 issued server command: /tp dingy_is_hot 238 82 -135
[20:45:22] [Server thread/INFO]: dingy_is_hot issued server command: /gamemode c
[20:45:37] [Server thread/INFO]: dingy_is_hot issued server command: /gamemode s
[20:46:14] [Server thread/INFO]: dingy_is_hot issued server command: /give dingy_is_hot enderpearl
[20:46:33] [Server thread/INFO]: dingy_is_hot issued server command: /give dingy_is_hot egg
[20:47:24] [Server thread/INFO]: dingy_is_hot issued server command: /gamemode c
[20:47:29] [Server thread/INFO]: dingy_is_hot issued server command: /gamemode s
[20:47:43] [Server thread/INFO]: ItsNiki has just earned the achievement [Overkill]
[20:48:11] [Server thread/INFO]: [0;33;22m[0;31;22m[ClearLag] [0;31;1mWarning Ground items will be removed in one minute![m

[20:48:11] [Craft Scheduler Thread - 45/INFO]: [Metrics] Connection refused
[20:48:36] [Server thread/INFO]: ItsNiki hit the ground too hard
[20:48:38] [Server thread/INFO]: CommandBlock at 185,142,-185 issued server command: /gamemode adventure ItsNiki
[20:48:39] [Server thread/INFO]: dingy_is_hot issued server command: /sphere enderpearls
[20:48:42] [Server thread/INFO]: CommandBlock at 184,143,-190 issued server command: /gamemode s ItsNiki
[20:48:42] [Server thread/INFO]: CommandBlock at 184,143,-192 issued server command: /tp ItsNiki 238 82 -135
[20:48:50] [Server thread/INFO]: dingy_is_hot issued server command: /adminfun
[20:48:53] [Server thread/INFO]: dingy_is_hot issued server command: /adminfun enchant
[20:48:53] [Server thread/INFO]: [AdminFun] Player dingy_is_hot issued the command: adminfun enchant
[20:49:11] [Server thread/INFO]: [0;33;22m[0;33;22m[ClearLag] [0;32;1mRemoved 14 Entities![m

[20:49:14] [Server thread/INFO]: dingy_is_hot issued server command: /adminfun enchant
[20:49:14] [Server thread/INFO]: [AdminFun] Player dingy_is_hot issued the command: adminfun enchant
[20:49:15] [Server thread/INFO]: ItsNiki hit the ground too hard
[20:49:17] [Server thread/INFO]: CommandBlock at 185,142,-185 issued server command: /gamemode adventure ItsNiki
[20:49:47] [Server thread/INFO]: dingy_is_hot issued server command: /goto
[20:49:52] [Server thread/INFO]: CommandBlock at 184,143,-190 issued server command: /gamemode s ItsNiki
[20:49:52] [Server thread/INFO]: CommandBlock at 184,143,-192 issued server command: /tp ItsNiki 238 82 -135
[20:49:53] [Server thread/INFO]: dingy_is_hot issued server command: /tp dingy_is_hot ItsNiki
[20:51:07] [Server thread/INFO]: dingy_is_hot fell from a high place
[20:51:08] [Server thread/INFO]: CommandBlock at 185,142,-185 issued server command: /gamemode adventure dingy_is_hot
[20:51:10] [Server thread/INFO]: CommandBlock at 184,143,-190 issued server command: /gamemode s dingy_is_hot
[20:51:11] [Server thread/INFO]: CommandBlock at 184,143,-192 issued server command: /tp dingy_is_hot 238 82 -135
[20:51:20] [Server thread/INFO]: dingy_is_hot issued server command: /tp dingy_is_hot ItsNiki
[20:51:43] [Server thread/INFO]: dingy_is_hot issued server command: /tp dingy_is_hot ItsNiki
[20:51:53] [Server thread/INFO]: ItsNiki fell from a high place
[20:51:55] [Server thread/INFO]: CommandBlock at 185,142,-185 issued server command: /gamemode adventure ItsNiki
[20:51:57] [Server thread/INFO]: CommandBlock at 184,143,-190 issued server command: /gamemode s ItsNiki
[20:51:58] [Server thread/INFO]: CommandBlock at 184,143,-192 issued server command: /tp ItsNiki 238 82 -135
[20:52:11] [Server thread/INFO]: ItsNiki fell from a high place
[20:52:13] [Server thread/INFO]: CommandBlock at 185,142,-185 issued server command: /gamemode adventure ItsNiki
[20:52:34] [Server thread/INFO]: dingy_is_hot issued server command: /gamemod
[20:52:43] [Server thread/INFO]: dingy_is_hot issued server command: /gamemod
[20:52:46] [Server thread/INFO]: dingy_is_hot issued server command: /adminfun enchant
[20:52:46] [Server thread/INFO]: [AdminFun] Player dingy_is_hot issued the command: adminfun enchant
[20:53:10] [Server thread/INFO]: dingy_is_hot issued server command: /clear
[20:53:12] [Server thread/INFO]: dingy_is_hot issued server command: /adminfun enchant
[20:53:12] [Server thread/INFO]: [AdminFun] Player dingy_is_hot issued the command: adminfun enchant
[20:53:25] [Server thread/WARN]: ItsNiki moved wrongly!
[20:53:35] [Server thread/INFO]: dingy_is_hot issued server command: /fly
[20:53:49] [Server thread/INFO]: dingy_is_hot issued server command: /cyl
[20:53:52] [Server thread/INFO]: dingy_is_hot issued server command: //cyl
[20:53:59] [Server thread/INFO]: dingy_is_hot issued server command: //cyl diamondblock 9
[20:54:03] [Server thread/INFO]: dingy_is_hot issued server command: //undo
[20:54:10] [Server thread/INFO]: dingy_is_hot issued server command: //cyl diamondblock 17
[20:54:17] [Server thread/INFO]: dingy_is_hot issued server command: /tp ItsNiki dingy_is_hot
[20:54:25] [Server thread/INFO]: dingy_is_hot issued server command: /fly
[20:54:35] [Server thread/INFO]: dingy_is_hot issued server command: /fly
[20:54:41] [Server thread/INFO]: ItsNiki issued server command: /sethome diamond
[20:54:46] [Server thread/INFO]: dingy_is_hot issued server command: /fly
[20:54:51] [Server thread/INFO]: [0;33;22m[0;31;22m[ClearLag] [0;31;1mWarning Ground items will be removed in one minute![m

[20:54:58] [Server thread/INFO]: dingy_is_hot issued server command: /fly
[20:55:04] [Server thread/INFO]: dingy_is_hot issued server command: /fly
[20:55:24] [Server thread/INFO]: dingy_is_hot fell from a high place
[20:55:26] [Server thread/INFO]: CommandBlock at 185,142,-185 issued server command: /gamemode adventure dingy_is_hot
[20:55:30] [Server thread/INFO]: dingy_is_hot issued server command: /tp dingy_is_hot ItsNiki
[20:55:34] [Server thread/INFO]: ItsNiki fell from a high place
[20:55:36] [Server thread/INFO]: CommandBlock at 185,142,-185 issued server command: /gamemode adventure ItsNiki
[20:55:38] [Server thread/INFO]: dingy_is_hot issued server command: /tp ItsNiki dingy_is_hot
[20:55:45] [Server thread/INFO]: dingy_is_hot issued server command: /fly
[20:55:51] [Server thread/INFO]: [0;33;22m[0;33;22m[ClearLag] [0;32;1mRemoved 27 Entities![m

[20:56:17] [Server thread/INFO]: dingy_is_hot issued server command: //cyl diamondblock 30
[20:56:34] [Server thread/INFO]: dingy_is_hot issued server command: /fly
[20:57:10] [Server thread/INFO]: ItsNiki fell from a high place
[20:57:11] [Server thread/INFO]: CommandBlock at 185,142,-185 issued server command: /gamemode adventure ItsNiki
[20:57:13] [Server thread/INFO]: dingy_is_hot issued server command: /tp ItsNiki dingy_is_hot
[20:57:28] [Server thread/INFO]: dingy_is_hot issued server command: /give dingy_is_hot beef
[20:57:36] [Server thread/INFO]: dingy_is_hot issued server command: /give ItsNiki beef
[20:57:43] [Server thread/INFO]: dingy_is_hot issued server command: /fly
[20:57:53] [Server thread/INFO]: dingy_is_hot issued server command: /fly
[20:58:00] [Server thread/INFO]: dingy_is_hot issued server command: /tp ItsNiki dingy_is_hot
[20:58:06] [Server thread/INFO]: ItsNiki hit the ground too hard
[20:58:06] [Server thread/INFO]: dingy_is_hot issued server command: /
[20:58:07] [Server thread/INFO]: CommandBlock at 185,142,-185 issued server command: /gamemode adventure ItsNiki
[20:58:07] [Server thread/INFO]: dingy_is_hot issued server command: /tp ItsNiki dingy_is_hot
[20:58:11] [Craft Scheduler Thread - 48/INFO]: [Metrics] Connection refused
[20:58:49] [Server thread/INFO]: dingy_is_hot issued server command: /tp ItsNiki dingy_is_hot
[20:58:50] [Server thread/INFO]: dingy_is_hot issued server command: /tp ItsNiki dingy_is_hot
[20:58:53] [Server thread/INFO]: dingy_is_hot issued server command: /fly
[20:59:02] [Server thread/INFO]: dingy_is_hot issued server command: /tp ItsNiki dingy_is_hot
[20:59:08] [Server thread/INFO]: dingy_is_hot issued server command: /fly
[20:59:28] [Server thread/INFO]: ItsNiki fell from a high place
[20:59:30] [Server thread/INFO]: CommandBlock at 185,142,-185 issued server command: /gamemode adventure ItsNiki
[20:59:32] [Server thread/INFO]: CommandBlock at 184,143,-190 issued server command: /gamemode s ItsNiki
[20:59:32] [Server thread/INFO]: CommandBlock at 184,143,-192 issued server command: /tp ItsNiki 238 82 -135
[20:59:40] [Server thread/INFO]: dingy_is_hot issued server command: /tp ItsNiki dingy_is_hot
[20:59:54] [Server thread/INFO]: dingy_is_hot issued server command: /tp ItsNiki dingy_is_hot
[21:00:07] [Server thread/INFO]: dingy_is_hot issued server command: /tp ItsNiki dingy_is_hot
[21:00:16] [Server thread/INFO]: dingy_is_hot issued server command: /tp ItsNiki dingy_is_hot
[21:00:33] [Server thread/INFO]: dingy_is_hot fell from a high place
[21:00:35] [Server thread/INFO]: CommandBlock at 185,142,-185 issued server command: /gamemode adventure dingy_is_hot
[21:00:45] [Server thread/INFO]: dingy_is_hot issued server command: /tp dingy_is_hot ItsNiki
[21:00:54] [Server thread/INFO]: dingy_is_hot issued server command: /gamemode c
[21:01:08] [Server thread/INFO]: dingy_is_hot issued server command: /mmoedit ItsNiki repair 1000
[21:01:31] [Server thread/INFO]: [0;33;22m[0;31;22m[ClearLag] [0;31;1mWarning Ground items will be removed in one minute![m

[21:01:37] [Server thread/INFO]: dingy_is_hot issued server command: /gamemode s
[21:02:31] [Server thread/INFO]: [0;33;22m[0;33;22m[ClearLag] [0;32;1mRemoved 13 Entities![m

[21:02:31] [Server thread/INFO]: dingy_is_hot issued server command: /adminfun explode ItsNiki
[21:02:31] [Server thread/INFO]: [AdminFun] Player dingy_is_hot issued the command: adminfun explode
[21:02:34] [Server thread/INFO]: dingy_is_hot issued server command: /adminfun explode ItsNiki 1
[21:02:34] [Server thread/INFO]: [AdminFun] Player dingy_is_hot issued the command: adminfun explode
[21:02:37] [Server thread/INFO]: dingy_is_hot issued server command: /adminfun explode ItsNiki 3
[21:02:37] [Server thread/INFO]: [AdminFun] Player dingy_is_hot issued the command: adminfun explode
[21:02:40] [Server thread/INFO]: dingy_is_hot issued server command: /adminfun explode ItsNiki 7
[21:02:40] [Server thread/INFO]: [AdminFun] Player dingy_is_hot issued the command: adminfun explode
[21:02:44] [Server thread/INFO]: dingy_is_hot issued server command: /adminfun troll
[21:02:44] [Server thread/INFO]: [AdminFun] Player dingy_is_hot issued the command: adminfun troll
[21:02:48] [Server thread/INFO]: dingy_is_hot issued server command: /adminfun
[21:03:00] [Server thread/INFO]: dingy_is_hot issued server command: /fly
[21:03:13] [Server thread/INFO]: dingy_is_hot issued server command: /fly
[21:03:21] [Server thread/INFO]: dingy_is_hot issued server command: /tp ItsNiki dingy_is_hot
[21:03:33] [Server thread/INFO]: dingy_is_hot issued server command: /adminfun help 2
[21:03:33] [Server thread/INFO]: [AdminFun] Player dingy_is_hot issued the command: adminfun help
[21:03:37] [Server thread/INFO]: dingy_is_hot issued server command: /adminfun help 3
[21:03:37] [Server thread/INFO]: [AdminFun] Player dingy_is_hot issued the command: adminfun help
[21:03:40] [Server thread/INFO]: dingy_is_hot issued server command: /adminfun help 3
[21:03:40] [Server thread/INFO]: [AdminFun] Player dingy_is_hot issued the command: adminfun help
[21:03:51] [Server thread/INFO]: dingy_is_hot issued server command: /tp dingy_is_hot ItsNiki
[21:03:54] [Server thread/INFO]: dingy_is_hot issued server command: /smite
[21:03:57] [Server thread/INFO]: dingy_is_hot issued server command: /smite
[21:04:00] [Server thread/INFO]: dingy_is_hot issued server command: /smite
[21:04:02] [Server thread/INFO]: dingy_is_hot issued server command: /smite
[21:04:05] [Server thread/INFO]: dingy_is_hot issued server command: /smite
[21:04:07] [Server thread/INFO]: dingy_is_hot issued server command: /smite
[21:04:08] [Server thread/INFO]: dingy_is_hot issued server command: /smite
[21:04:09] [Server thread/INFO]: dingy_is_hot issued server command: /smite
[21:04:10] [Server thread/INFO]: dingy_is_hot issued server command: /smite
[21:04:14] [Server thread/INFO]: dingy_is_hot issued server command: /smite
[21:04:15] [Server thread/INFO]: dingy_is_hot issued server command: /smite
[21:04:41] [Server thread/INFO]: ItsNiki fell from a high place
[21:04:42] [Server thread/INFO]: CommandBlock at 185,142,-185 issued server command: /gamemode adventure ItsNiki
[21:04:48] [Server thread/INFO]: CommandBlock at 184,143,-190 issued server command: /gamemode s ItsNiki
[21:04:48] [Server thread/INFO]: CommandBlock at 184,143,-192 issued server command: /tp ItsNiki 238 82 -135
[21:04:54] [Server thread/INFO]: dingy_is_hot issued server command: /tp ItsNiki dingy_is_hot
[21:04:57] [Server thread/INFO]: dingy_is_hot issued server command: /gamemode c
[21:05:14] [Server thread/INFO]: dingy_is_hot issued server command: /give enderpearl
[21:05:18] [Server thread/INFO]: dingy_is_hot issued server command: /give dingy_is_hot enderpearl
[21:05:19] [Server thread/INFO]: dingy_is_hot issued server command: /give dingy_is_hot enderpearl
[21:05:20] [Server thread/INFO]: dingy_is_hot issued server command: /give dingy_is_hot enderpearl
[21:05:20] [Server thread/INFO]: dingy_is_hot issued server command: /give dingy_is_hot enderpearl
[21:05:24] [Server thread/INFO]: dingy_is_hot issued server command: /give dingy_is_hot enderpearl
[21:05:25] [Server thread/INFO]: dingy_is_hot issued server command: /give dingy_is_hot enderpearl
[21:05:25] [Server thread/INFO]: dingy_is_hot issued server command: /give dingy_is_hot enderpearl
[21:05:26] [Server thread/INFO]: dingy_is_hot issued server command: /give dingy_is_hot enderpearl
[21:05:26] [Server thread/INFO]: dingy_is_hot issued server command: /give dingy_is_hot enderpearl
[21:05:27] [Server thread/INFO]: dingy_is_hot issued server command: /give dingy_is_hot enderpearl
[21:05:27] [Server thread/INFO]: dingy_is_hot issued server command: /give dingy_is_hot enderpearl
[21:05:34] [Server thread/INFO]: dingy_is_hot issued server command: /give dingy_is_hot enderpearl
[21:05:35] [Server thread/INFO]: dingy_is_hot issued server command: /give dingy_is_hot enderpearl
[21:05:35] [Server thread/INFO]: dingy_is_hot issued server command: /give dingy_is_hot enderpearl
[21:05:35] [Server thread/INFO]: dingy_is_hot issued server command: /give dingy_is_hot enderpearl
[21:05:36] [Server thread/INFO]: dingy_is_hot issued server command: /give dingy_is_hot enderpearl
[21:05:36] [Server thread/INFO]: dingy_is_hot issued server command: /give dingy_is_hot enderpearl
[21:05:37] [Server thread/INFO]: dingy_is_hot issued server command: /give dingy_is_hot enderpearl
[21:05:45] [Server thread/INFO]: dingy_is_hot issued server command: /gamemode s
[21:06:04] [Server thread/INFO]: dingy_is_hot issued server command: /gamemode s
[21:06:05] [Server thread/INFO]: dingy_is_hot issued server command: /gamemode c
[21:06:24] [Server thread/INFO]: dingy_is_hot issued server command: /effect ItsNiki minecraft:resistance 9999 100
[21:06:24] [Server thread/INFO]: [dingy_is_hot: Given Resistance (ID 11) * 100 to ItsNiki for 9999 seconds]
[21:06:30] [Server thread/INFO]: dingy_is_hot issued server command: /effect dingy_is_hot minecraft:resistance 9999 100
[21:06:30] [Server thread/INFO]: [dingy_is_hot: Given Resistance (ID 11) * 100 to dingy_is_hot for 9999 seconds]
[21:06:34] [Server thread/INFO]: dingy_is_hot issued server command: /gamemode c
[21:06:36] [Server thread/INFO]: dingy_is_hot issued server command: /gamemode s
[21:06:48] [Server thread/INFO]: dingy_is_hot issued server command: /effect dingy_is_hot minecraft:saturation 9999 100
[21:06:48] [Server thread/INFO]: [dingy_is_hot: Given Saturation (ID 23) * 100 to dingy_is_hot for 9999 seconds]
[21:06:53] [Server thread/INFO]: dingy_is_hot issued server command: /effect ItsNiki minecraft:saturation 9999 100
[21:06:53] [Server thread/INFO]: [dingy_is_hot: Given Saturation (ID 23) * 100 to ItsNiki for 9999 seconds]
[21:06:58] [Server thread/INFO]: dingy_is_hot issued server command: /tp dingy_is_hot ItsNiki
[21:07:09] [Server thread/INFO]: dingy_is_hot issued server command: /tpsee
[21:07:27] [Server thread/INFO]: dingy_is_hot issued server command: /tp dingy_is_hot ItsNiki
[21:07:31] [Server thread/INFO]: dingy_is_hot issued server command: /fly
[21:07:45] [Server thread/INFO]: dingy_is_hot issued server command: /fly
[21:07:51] [Server thread/INFO]: dingy_is_hot issued server command: /tp ItsNiki dingy_is_hot
[21:08:11] [Server thread/INFO]: [0;33;22m[0;31;22m[ClearLag] [0;31;1mWarning Ground items will be removed in one minute![m

[21:08:11] [Craft Scheduler Thread - 52/INFO]: [Metrics] Connection refused
[21:08:25] [Server thread/INFO]: dingy_is_hot issued server command: /tp dingy_is_hot ItsNiki
[21:08:47] [Server thread/INFO]: dingy_is_hot issued server command: /tp ItsNiki dingy_is_hot
[21:09:11] [Server thread/INFO]: [0;33;22m[0;33;22m[ClearLag] [0;32;1mRemoved 23 Entities![m

[21:09:46] [Server thread/INFO]: dingy_is_hot issued server command: /tp ItsNiki dingy_is_hot
[21:09:50] [Server thread/INFO]: dingy_is_hot issued server command: /tp ItsNiki dingy_is_hot
[21:10:05] [Server thread/INFO]: dingy_is_hot issued server command: //pos1
[21:10:06] [Server thread/INFO]: dingy_is_hot issued server command: //pos2
[21:10:26] [Server thread/INFO]: dingy_is_hot issued server command: //sphere glowstone 30
[21:10:33] [Server thread/INFO]: dingy_is_hot issued server command: //undo
[21:10:46] [Server thread/WARN]: ItsNiki was kicked for floating too long!
[21:10:46] [Server thread/INFO]: ItsNiki lost connection: Flying is not enabled on this server
[21:10:46] [Server thread/INFO]: Unknown command. Type "/help" for help.[m

[21:10:47] [Server thread/INFO]: dingy_is_hot issued server command: //hsphere glowstone 30
[21:11:00] [Thread-20/INFO]: UUID of player ItsNiki is 6a0b8c65-33c9-3271-8ba3-98bfdfead9d4
[21:11:00] [Server thread/INFO]: is leader = false
[21:11:00] [Server thread/INFO]: [Server] hello ItsNiki
[21:11:00] [Server thread/INFO]: ItsNiki[/[0:0:0:0:0:0:0:1]:50598] logged in with entity id 16842 at ([world]185.0, 144.0, -186.0)
[21:11:05] [Server thread/INFO]: §cItsNiki §4was denied access to command.
[21:11:10] [Server thread/INFO]: CommandBlock at 185,142,-185 issued server command: /gamemode adventure ItsNiki
[21:11:11] [Server thread/INFO]: CommandBlock at 184,143,-190 issued server command: /gamemode s ItsNiki
[21:11:22] [Server thread/INFO]: dingy_is_hot issued server command: //cyl diamond 35
[21:11:37] [Server thread/INFO]: dingy_is_hot issued server command: /tp ItsNiki dingy_is_hot
[21:11:59] [Server thread/INFO]: dingy_is_hot issued server command: /fly
[21:12:17] [Server thread/INFO]: dingy_is_hot issued server command: /gamemode c
[21:12:27] [Server thread/INFO]: dingy_is_hot issued server command: //wand
[21:12:34] [Server thread/INFO]: dingy_is_hot issued server command: //wand
[21:12:55] [Server thread/INFO]: dingy_is_hot issued server command: //set air
[21:13:08] [Server thread/INFO]: dingy_is_hot issued server command: /tp ItsNiki dingy_is_hot
[21:13:16] [Server thread/INFO]: dingy_is_hot issued server command: /tp ItsNiki dingy_is_hot
[21:13:19] [Server thread/INFO]: dingy_is_hot issued server command: /gamemode s
[21:13:41] [Server thread/INFO]: dingy_is_hot issued server command: /effect ItsNiki minecraft:night_vision 9999 10
[21:13:41] [Server thread/INFO]: [dingy_is_hot: Given Night Vision (ID 16) * 10 to ItsNiki for 9999 seconds]
[21:13:47] [Server thread/INFO]: dingy_is_hot issued server command: /effect dingy_is_hot minecraft:night_vision 9999 10
[21:13:47] [Server thread/INFO]: [dingy_is_hot: Given Night Vision (ID 16) * 10 to dingy_is_hot for 9999 seconds]
[21:14:09] [Server thread/INFO]: dingy_is_hot issued server command: /tp dingy_is_hot ItsNiki
[21:14:15] [Server thread/INFO]: dingy_is_hot issued server command: /gamemode v
[21:14:16] [Server thread/INFO]: dingy_is_hot issued server command: /gamemode c
[21:14:25] [Server thread/INFO]: dingy_is_hot issued server command: //pos 1
[21:14:29] [Server thread/INFO]: dingy_is_hot issued server command: //pos1
[21:14:31] [Server thread/INFO]: dingy_is_hot issued server command: //set air
[21:14:44] [Server thread/INFO]: dingy_is_hot issued server command: //pos1
[21:14:47] [Server thread/INFO]: dingy_is_hot issued server command: //set air
[21:14:51] [Server thread/INFO]: [0;33;22m[0;31;22m[ClearLag] [0;31;1mWarning Ground items will be removed in one minute![m

[21:14:56] [Server thread/INFO]: dingy_is_hot issued server command: /tp ItsNiki dingy_is_hot
[21:14:58] [Server thread/INFO]: dingy_is_hot issued server command: /tp ItsNiki dingy_is_hot
[21:15:02] [Server thread/INFO]: dingy_is_hot issued server command: /gamemode s
[21:15:51] [Server thread/INFO]: [0;33;22m[0;33;22m[ClearLag] [0;32;1mRemoved 26 Entities![m

[21:16:33] [Server thread/WARN]: dingy_is_hot moved wrongly!
[21:18:11] [Craft Scheduler Thread - 59/INFO]: [Metrics] Connection refused
[21:19:44] [Server thread/INFO]: dingy_is_hot issued server command: /otp
[21:19:52] [Server thread/INFO]: dingy_is_hot issued server command: /tnt
[21:20:02] [Server thread/INFO]: dingy_is_hot issued server command: /tnt
[21:20:32] [Server thread/INFO]: dingy_is_hot issued server command: /tnt
[21:20:40] [Server thread/INFO]: dingy_is_hot issued server command: /tnt
[21:20:44] [Server thread/INFO]: dingy_is_hot issued server command: /tnt
[21:21:22] [Server thread/INFO]: dingy_is_hot issued server command: /tp ItsNiki dingy_is_hot
[21:21:26] [Server thread/INFO]: dingy_is_hot issued server command: /fly
[21:21:31] [Server thread/INFO]: [0;33;22m[0;31;22m[ClearLag] [0;31;1mWarning Ground items will be removed in one minute![m

[21:22:15] [Server thread/INFO]: dingy_is_hot issued server command: /tp ItsNiki dingy_is_hot
[21:22:19] [Server thread/INFO]: dingy_is_hot issued server command: /fly ItsNiki
[21:22:31] [Server thread/INFO]: [0;33;22m[0;33;22m[ClearLag] [0;32;1mRemoved 22 Entities![m

[21:22:43] [Server thread/INFO]: dingy_is_hot issued server command: /sphere
[21:23:39] [Server thread/INFO]: dingy_is_hot issued server command: /hsphere glowstone
[21:23:41] [Server thread/INFO]: dingy_is_hot issued server command: //hsphere glowstone
[21:23:46] [Server thread/INFO]: dingy_is_hot issued server command: //hsphere glowstone 3
[21:24:03] [Server thread/INFO]: dingy_is_hot issued server command: //hsphere glowstone 5
[21:24:24] [Server thread/INFO]: dingy_is_hot issued server command: //hsphere glowstone 5
[21:24:39] [Server thread/INFO]: dingy_is_hot issued server command: //hsphere glowstone 5
[21:24:52] [Server thread/INFO]: dingy_is_hot issued server command: //hsphere glowstone 7
[21:24:57] [Server thread/INFO]: ItsNiki lost connection: Disconnected
[21:24:57] [Server thread/INFO]: Unknown command. Type "/help" for help.[m

[21:25:04] [Thread-22/INFO]: UUID of player ItsNiki is 6a0b8c65-33c9-3271-8ba3-98bfdfead9d4
[21:25:04] [Server thread/INFO]: is leader = false
[21:25:04] [Server thread/INFO]: [Server] hello ItsNiki
[21:25:05] [Server thread/INFO]: ItsNiki[/[0:0:0:0:0:0:0:1]:34670] logged in with entity id 17786 at ([world]185.0, 144.0, -186.0)
[21:25:09] [Server thread/INFO]: §cItsNiki §4was denied access to command.
[21:25:11] [Server thread/INFO]: dingy_is_hot issued server command: /gamemode c
[21:25:17] [Server thread/INFO]: ItsNiki issued server command: /home diamond
[21:25:32] [Server thread/INFO]: ItsNiki issued server command: /delhome diamond
[21:25:35] [Server thread/INFO]: dingy_is_hot issued server command: /tp ItsNiki dingy_is_hot
[21:25:42] [Server thread/INFO]: dingy_is_hot issued server command: /gamemode s
[21:25:42] [Server thread/INFO]: ItsNiki issued server command: /sethome d
[21:26:04] [Server thread/INFO]: dingy_is_hot issued server command: /summon Wither
[21:26:04] [Server thread/WARN]: Skipping Entity with id Wither
[21:26:04] [Server thread/INFO]: [dingy_is_hot: Unable to summon object]
[21:26:16] [Server thread/INFO]: ItsNiki issued server command: /home d
[21:26:26] [Server thread/INFO]: dingy_is_hot issued server command: /give dingy_is_hot enderpearl
[21:26:27] [Server thread/INFO]: dingy_is_hot issued server command: /give dingy_is_hot enderpearl
[21:26:28] [Server thread/INFO]: dingy_is_hot issued server command: /give dingy_is_hot enderpearl
[21:26:28] [Server thread/INFO]: dingy_is_hot issued server command: /give dingy_is_hot enderpearl
[21:26:29] [Server thread/INFO]: dingy_is_hot issued server command: /give dingy_is_hot enderpearl
[21:26:29] [Server thread/INFO]: dingy_is_hot issued server command: /give dingy_is_hot enderpearl
[21:26:29] [Server thread/INFO]: dingy_is_hot issued server command: /give dingy_is_hot enderpearl
[21:26:30] [Server thread/INFO]: dingy_is_hot issued server command: /give dingy_is_hot enderpearl
[21:26:30] [Server thread/INFO]: dingy_is_hot issued server command: /give dingy_is_hot enderpearl
[21:26:30] [Server thread/INFO]: dingy_is_hot issued server command: /give dingy_is_hot enderpearl
[21:26:31] [Server thread/INFO]: dingy_is_hot issued server command: /give dingy_is_hot enderpearl
[21:26:31] [Server thread/INFO]: dingy_is_hot issued server command: /give dingy_is_hot enderpearl
[21:26:31] [Server thread/INFO]: dingy_is_hot issued server command: /give dingy_is_hot enderpearl
[21:26:48] [Server thread/INFO]: dingy_is_hot issued server command: /summon WitherBoss
[21:26:48] [Server thread/INFO]: [dingy_is_hot: Object successfully summoned]
[21:27:41] [Server thread/INFO]: dingy_is_hot issued server command: /tp dingy_is_hot ItsNiki
[21:28:11] [Server thread/INFO]: [0;33;22m[0;31;22m[ClearLag] [0;31;1mWarning Ground items will be removed in one minute![m

[21:28:11] [Craft Scheduler Thread - 59/INFO]: [Metrics] Connection refused
[21:28:23] [Server thread/INFO]: dingy_is_hot issued server command: //set diamond
[21:28:26] [Server thread/INFO]: dingy_is_hot issued server command: /tp dingy_is_hot ItsNiki
[21:28:33] [Server thread/INFO]: dingy_is_hot issued server command: /tp dingy_is_hot ItsNiki
[21:28:36] [Server thread/INFO]: dingy_is_hot issued server command: /gamemode c
[21:28:45] [Server thread/INFO]: dingy_is_hot issued server command: //pos1
[21:28:56] [Server thread/INFO]: dingy_is_hot issued server command: //pos2
[21:29:02] [Server thread/INFO]: dingy_is_hot issued server command: //replace diamond bedrock
[21:29:11] [Server thread/INFO]: [0;33;22m[0;33;22m[ClearLag] [0;32;1mRemoved 27 Entities![m

[21:29:17] [Server thread/INFO]: dingy_is_hot issued server command: /op ItsNiki
[21:29:17] [Server thread/INFO]: [dingy_is_hot: Opped ItsNiki]
[21:29:22] [Server thread/INFO]: dingy_is_hot issued server command: /tnt
[21:29:29] [Server thread/INFO]: dingy_is_hot issued server command: /gamemode s
[21:29:29] [Server thread/INFO]: ItsNiki issued server command: /tnt
[21:29:32] [Server thread/INFO]: ItsNiki issued server command: /tnt
[21:29:32] [Server thread/INFO]: ItsNiki issued server command: /tnt
[21:29:34] [Server thread/INFO]: dingy_is_hot issued server command: /tnt
[21:29:35] [Server thread/INFO]: dingy_is_hot issued server command: /tnt
[21:29:41] [Server thread/INFO]: dingy_is_hot issued server command: /tnt
[21:29:43] [Server thread/INFO]: dingy_is_hot issued server command: /tnt
[21:29:49] [Server thread/INFO]: ItsNiki issued server command: /tnt
[21:29:53] [Server thread/INFO]: ItsNiki issued server command: /tnt
[21:30:35] [Server thread/INFO]: dingy_is_hot issued server command: /tnt
[21:30:47] [Server thread/INFO]: dingy_is_hot issued server command: /tp ItsNiki dingy_is_hot
[21:30:56] [Server thread/INFO]: dingy_is_hot issued server command: /tp ItsNiki dingy_is_hot
[21:31:28] [Server thread/INFO]: dingy_is_hot issued server command: /tp ItsNiki dingy_is_hot
[21:32:14] [Server thread/INFO]: dingy_is_hot issued server command: /tp ItsNiki dingy_is_hot
[21:33:16] [Server thread/WARN]: dingy_is_hot moved wrongly!
[21:33:16] [Server thread/WARN]: dingy_is_hot moved wrongly!
[21:33:16] [Server thread/WARN]: dingy_is_hot moved wrongly!
[21:33:18] [Server thread/WARN]: dingy_is_hot moved wrongly!
[21:33:18] [Server thread/WARN]: dingy_is_hot moved wrongly!
[21:34:51] [Server thread/INFO]: [0;33;22m[0;31;22m[ClearLag] [0;31;1mWarning Ground items will be removed in one minute![m

[21:35:00] [Server thread/INFO]: dingy_is_hot issued server command: /tp ItsNiki dingy_is_hot
[21:35:27] [Server thread/INFO]: dingy_is_hot issued server command: /gamemode
[21:35:29] [Server thread/INFO]: dingy_is_hot issued server command: /gamemode c
[21:35:43] [Server thread/INFO]: dingy_is_hot issued server command: /gamemode s
[21:35:46] [Server thread/INFO]: dingy_is_hot issued server command: /tp ItsNiki dingy_is_hot
[21:35:51] [Server thread/INFO]: [0;33;22m[0;33;22m[ClearLag] [0;32;1mRemoved 15 Entities![m

[21:37:24] [Server thread/INFO]: dingy_is_hot issued server command: /fly
[21:37:35] [Server thread/INFO]: dingy_is_hot issued server command: /fly
[21:37:55] [Server thread/INFO]: dingy_is_hot issued server command: /sethome e
[21:38:11] [Craft Scheduler Thread - 65/INFO]: [Metrics] Connection refused
[21:39:21] [Server thread/INFO]: dingy_is_hot issued server command: /home e
[21:40:00] [Server thread/INFO]: dingy_is_hot issued server command: /home e
[21:40:11] [Server thread/INFO]: dingy_is_hot issued server command: /home e
[21:40:24] [Server thread/INFO]: ItsNiki issued server command: /home d
[21:40:26] [Server thread/INFO]: dingy_is_hot issued server command: /gamemode c
[21:40:37] [Server thread/INFO]: dingy_is_hot issued server command: /gamemode s
[21:40:51] [Server thread/INFO]: dingy_is_hot issued server command: /give dingy_is_hot string
[21:41:10] [Server thread/INFO]: dingy_is_hot issued server command: /mv tp spleed
[21:41:11] [Server thread/INFO]: dingy_is_hot issued server command: /mv tp spleef
[21:41:15] [Server thread/INFO]: dingy_is_hot issued server command: /mvconfirm
[21:41:15] [Server thread/INFO]: [WorldGuard] 2 regions loaded for 'Spleef'
[21:41:24] [Server thread/INFO]: dingy_is_hot issued server command: /gamemode c
[21:41:31] [Server thread/INFO]: [0;33;22m[0;31;22m[ClearLag] [0;31;1mWarning Ground items will be removed in one minute![m

[21:41:55] [Server thread/INFO]: [@: Title command successfully executed]
[21:41:55] [Server thread/INFO]: CommandBlock at -7,70,-21 issued server command: /tp dingy_is_hot -7 61 -19
[21:41:56] [Server thread/INFO]: [@: 2 blocks filled]
[21:41:56] [Server thread/INFO]: [@: 4 blocks filled]
[21:41:56] [Server thread/INFO]: [@: 4 blocks filled]
[21:41:56] [Server thread/INFO]: [@: 2601 blocks cloned]
[21:41:56] [Server thread/INFO]: [@: 2601 blocks cloned]
[21:41:56] [Server thread/INFO]: [@: 2601 blocks cloned]
[21:41:56] [Server thread/INFO]: [@: 2601 blocks cloned]
[21:41:56] [Server thread/INFO]: [@: 2 blocks filled]
[21:42:01] [Server thread/INFO]: [@: Given Weakness (ID 18) * 100 to dingy_is_hot for 14 seconds]
[21:42:01] [Server thread/INFO]: [@: Given Resistance (ID 11) * 100 to dingy_is_hot for 14 seconds]
[21:42:02] [Server thread/INFO]: [@: Given Regeneration (ID 10) * 99 to dingy_is_hot for 14 seconds]
[21:42:02] [Server thread/INFO]: CommandBlock at -11,70,-14 issued server command: /weather clear
[21:42:05] [Server thread/INFO]: dingy_is_hot issued server command: /tp ItsNiki dingy_is_hot
[21:42:09] [Server thread/INFO]: dingy_is_hot issued server command: /gamemode s
[21:42:14] [Server thread/INFO]: [@: Given Weakness (ID 18) * 100 to dingy_is_hot for 14 seconds]
[21:42:14] [Server thread/INFO]: [@: Given Weakness (ID 18) * 100 to ItsNiki for 14 seconds]
[21:42:14] [Server thread/INFO]: [@: Given Resistance (ID 11) * 100 to dingy_is_hot for 14 seconds]
[21:42:14] [Server thread/INFO]: [@: Given Resistance (ID 11) * 100 to ItsNiki for 14 seconds]
[21:42:14] [Server thread/INFO]: [@: Given Regeneration (ID 10) * 99 to dingy_is_hot for 14 seconds]
[21:42:14] [Server thread/INFO]: [@: Given Regeneration (ID 10) * 99 to ItsNiki for 14 seconds]
[21:42:14] [Server thread/INFO]: CommandBlock at -11,70,-14 issued server command: /weather clear
[21:42:27] [Server thread/INFO]: dingy_is_hot lost connection: Disconnected
[21:42:27] [Server thread/INFO]: [@: Given Weakness (ID 18) * 100 to ItsNiki for 14 seconds]
[21:42:27] [Server thread/INFO]: [@: Given Resistance (ID 11) * 100 to ItsNiki for 14 seconds]
[21:42:27] [Server thread/INFO]: [@: Given Regeneration (ID 10) * 99 to ItsNiki for 14 seconds]
[21:42:27] [Server thread/INFO]: CommandBlock at -11,70,-14 issued server command: /weather clear
[21:42:31] [Server thread/INFO]: [0;33;22m[0;33;22m[ClearLag] [0;32;1mRemoved 12 Entities![m

[21:42:40] [Server thread/INFO]: [@: Given Weakness (ID 18) * 100 to ItsNiki for 14 seconds]
[21:42:40] [Server thread/INFO]: [@: Given Resistance (ID 11) * 100 to ItsNiki for 14 seconds]
[21:42:40] [Server thread/INFO]: [@: Given Regeneration (ID 10) * 99 to ItsNiki for 14 seconds]
[21:42:40] [Server thread/INFO]: CommandBlock at -11,70,-14 issued server command: /weather clear
[21:42:41] [Server thread/INFO]: ItsNiki issued server command: /tnt
[21:42:45] [Server thread/INFO]: ItsNiki issued server command: /tnt
[21:42:48] [Server thread/INFO]: ItsNiki issued server command: /tmt
[21:42:50] [Server thread/INFO]: ItsNiki issued server command: /tnt
[21:42:52] [Server thread/INFO]: [@: Given Weakness (ID 18) * 100 to ItsNiki for 14 seconds]
[21:42:52] [Server thread/INFO]: [@: Given Resistance (ID 11) * 100 to ItsNiki for 14 seconds]
[21:42:53] [Server thread/INFO]: [@: Given Regeneration (ID 10) * 99 to ItsNiki for 14 seconds]
[21:42:53] [Server thread/INFO]: CommandBlock at -11,70,-14 issued server command: /weather clear
[21:42:53] [Server thread/INFO]: ItsNiki issued server command: /tnt
[21:43:05] [Server thread/INFO]: [@: Given Weakness (ID 18) * 100 to ItsNiki for 14 seconds]
[21:43:05] [Server thread/INFO]: [@: Given Resistance (ID 11) * 100 to ItsNiki for 14 seconds]
[21:43:05] [Server thread/INFO]: [@: Given Regeneration (ID 10) * 99 to ItsNiki for 14 seconds]
[21:43:05] [Server thread/INFO]: CommandBlock at -11,70,-14 issued server command: /weather clear
[21:43:18] [Server thread/INFO]: [@: Given Weakness (ID 18) * 100 to ItsNiki for 14 seconds]
[21:43:18] [Server thread/INFO]: [@: Given Resistance (ID 11) * 100 to ItsNiki for 14 seconds]
[21:43:18] [Server thread/INFO]: [@: Given Regeneration (ID 10) * 99 to ItsNiki for 14 seconds]
[21:43:18] [Server thread/INFO]: CommandBlock at -11,70,-14 issued server command: /weather clear
[21:43:27] [Server thread/INFO]: ItsNiki issued server command: /tnt
[21:43:31] [Server thread/INFO]: [@: Given Weakness (ID 18) * 100 to ItsNiki for 14 seconds]
[21:43:31] [Server thread/INFO]: [@: Given Resistance (ID 11) * 100 to ItsNiki for 14 seconds]
[21:43:31] [Server thread/INFO]: [@: Given Regeneration (ID 10) * 99 to ItsNiki for 14 seconds]
[21:43:31] [Server thread/INFO]: CommandBlock at -11,70,-14 issued server command: /weather clear
[21:43:32] [Server thread/INFO]: ItsNiki issued server command: /tnt
[21:43:43] [Server thread/INFO]: [@: Given Weakness (ID 18) * 100 to ItsNiki for 14 seconds]
[21:43:43] [Server thread/INFO]: [@: Given Resistance (ID 11) * 100 to ItsNiki for 14 seconds]
[21:43:44] [Server thread/INFO]: ItsNiki issued server command: /tnt
[21:43:44] [Server thread/INFO]: [@: Given Regeneration (ID 10) * 99 to ItsNiki for 14 seconds]
[21:43:44] [Server thread/INFO]: CommandBlock at -11,70,-14 issued server command: /weather clear
[21:43:46] [Server thread/INFO]: ItsNiki issued server command: /tnt
[21:43:53] [Server thread/INFO]: ItsNiki issued server command: /tnt
[21:43:56] [Server thread/INFO]: [@: Given Weakness (ID 18) * 100 to ItsNiki for 14 seconds]
[21:43:56] [Server thread/INFO]: [@: Given Resistance (ID 11) * 100 to ItsNiki for 14 seconds]
[21:43:56] [Server thread/INFO]: [@: Given Regeneration (ID 10) * 99 to ItsNiki for 14 seconds]
[21:43:56] [Server thread/INFO]: CommandBlock at -11,70,-14 issued server command: /weather clear
[21:43:59] [Server thread/INFO]: ItsNiki issued server command: /tnt
[21:44:01] [Server thread/INFO]: ItsNiki issued server command: /tnmt
[21:44:03] [Server thread/INFO]: ItsNiki issued server command: /tnt
[21:44:09] [Server thread/INFO]: [@: Given Weakness (ID 18) * 100 to ItsNiki for 14 seconds]
[21:44:09] [Server thread/INFO]: [@: Given Resistance (ID 11) * 100 to ItsNiki for 14 seconds]
[21:44:09] [Server thread/INFO]: [@: Given Regeneration (ID 10) * 99 to ItsNiki for 14 seconds]
[21:44:09] [Server thread/INFO]: CommandBlock at -11,70,-14 issued server command: /weather clear
[21:44:22] [Server thread/INFO]: [@: Given Weakness (ID 18) * 100 to ItsNiki for 14 seconds]
[21:44:22] [Server thread/INFO]: [@: Given Resistance (ID 11) * 100 to ItsNiki for 14 seconds]
[21:44:22] [Server thread/INFO]: [@: Given Regeneration (ID 10) * 99 to ItsNiki for 14 seconds]
[21:44:22] [Server thread/INFO]: CommandBlock at -11,70,-14 issued server command: /weather clear
[21:44:29] [Server thread/INFO]: [@: Title command successfully executed]
[21:44:29] [Server thread/INFO]: CommandBlock at -7,70,-21 issued server command: /tp ItsNiki -7 61 -19
[21:44:29] [Server thread/INFO]: [@: 2 blocks filled]
[21:44:29] [Server thread/INFO]: [@: 4 blocks filled]
[21:44:29] [Server thread/INFO]: [@: 4 blocks filled]
[21:44:32] [Server thread/INFO]: [@: 2601 blocks cloned]
[21:44:32] [Server thread/INFO]: [@: 2601 blocks cloned]
[21:44:32] [Server thread/INFO]: [@: 2601 blocks cloned]
[21:44:32] [Server thread/INFO]: [@: 2601 blocks cloned]
[21:44:32] [Server thread/INFO]: [@: 2 blocks filled]
[21:44:34] [Server thread/INFO]: [@: Given Weakness (ID 18) * 100 to ItsNiki for 14 seconds]
[21:44:34] [Server thread/INFO]: [@: Given Resistance (ID 11) * 100 to ItsNiki for 14 seconds]
[21:44:35] [Server thread/INFO]: [@: Given Regeneration (ID 10) * 99 to ItsNiki for 14 seconds]
[21:44:35] [Server thread/INFO]: CommandBlock at -11,70,-14 issued server command: /weather clear
[21:44:47] [Thread-23/INFO]: UUID of player dingy_is_hot is 8138aa81-df13-3329-9cc7-1952ffee2a02
[21:44:47] [Server thread/INFO]: is leader = false
[21:44:47] [Server thread/INFO]: dingy_is_hot[/[0:0:0:0:0:0:0:1]:54980] logged in with entity id 19849 at ([world]185.0, 144.0, -186.0)
[21:44:47] [Server thread/INFO]: [@: Given Weakness (ID 18) * 100 to ItsNiki for 14 seconds]
[21:44:47] [Server thread/INFO]: [@: Given Resistance (ID 11) * 100 to ItsNiki for 14 seconds]
[21:44:47] [Server thread/INFO]: [@: Given Regeneration (ID 10) * 99 to ItsNiki for 14 seconds]
[21:44:47] [Server thread/INFO]: CommandBlock at -11,70,-14 issued server command: /weather clear
[21:45:00] [Server thread/INFO]: [@: Given Weakness (ID 18) * 100 to ItsNiki for 14 seconds]
[21:45:00] [Server thread/INFO]: [@: Given Resistance (ID 11) * 100 to ItsNiki for 14 seconds]
[21:45:00] [Server thread/INFO]: [@: Given Regeneration (ID 10) * 99 to ItsNiki for 14 seconds]
[21:45:00] [Server thread/INFO]: CommandBlock at -11,70,-14 issued server command: /weather clear
[21:45:06] [Server thread/INFO]: dingy_is_hot issued server command: /otp ItsNiki
[21:45:13] [Server thread/INFO]: [@: Given Weakness (ID 18) * 100 to ItsNiki for 14 seconds]
[21:45:13] [Server thread/INFO]: [@: Given Resistance (ID 11) * 100 to ItsNiki for 14 seconds]
[21:45:13] [Server thread/INFO]: dingy_is_hot issued server command: /otp ItsNiki
[21:45:13] [Server thread/INFO]: [@: Given Regeneration (ID 10) * 99 to ItsNiki for 14 seconds]
[21:45:13] [Server thread/INFO]: CommandBlock at -11,70,-14 issued server command: /weather clear
[21:45:17] [Server thread/INFO]: dingy_is_hot issued server command: /otp
[21:45:25] [Server thread/INFO]: [@: Given Weakness (ID 18) * 100 to ItsNiki for 14 seconds]
[21:45:25] [Server thread/INFO]: [@: Given Resistance (ID 11) * 100 to ItsNiki for 14 seconds]
[21:45:26] [Server thread/INFO]: CommandBlock at -11,70,-14 issued server command: /weather clear
[21:45:29] [Server thread/INFO]: dingy_is_hot issued server command: /tp dingy_is_hot ItsNiki
[21:45:36] [Server thread/INFO]: dingy_is_hot issued server command: /gamemode c
[21:45:38] [Server thread/INFO]: [@: Given Weakness (ID 18) * 100 to ItsNiki for 14 seconds]
[21:45:38] [Server thread/INFO]: [@: Given Weakness (ID 18) * 100 to dingy_is_hot for 14 seconds]
[21:45:38] [Server thread/INFO]: [@: Given Resistance (ID 11) * 100 to ItsNiki for 14 seconds]
[21:45:38] [Server thread/INFO]: [@: Given Resistance (ID 11) * 100 to dingy_is_hot for 14 seconds]
[21:45:38] [Server thread/INFO]: [@: Given Regeneration (ID 10) * 99 to ItsNiki for 14 seconds]
[21:45:38] [Server thread/INFO]: [@: Given Regeneration (ID 10) * 99 to dingy_is_hot for 14 seconds]
[21:45:38] [Server thread/INFO]: CommandBlock at -11,70,-14 issued server command: /weather clear
[21:45:48] [Server thread/INFO]: dingy_is_hot issued server command: /gamemode c
[21:45:50] [Server thread/INFO]: dingy_is_hot issued server command: /gamemode s
[21:45:51] [Server thread/INFO]: [@: Given Weakness (ID 18) * 100 to ItsNiki for 14 seconds]
[21:45:51] [Server thread/INFO]: [@: Given Weakness (ID 18) * 100 to dingy_is_hot for 14 seconds]
[21:45:51] [Server thread/INFO]: [@: Given Resistance (ID 11) * 100 to ItsNiki for 14 seconds]
[21:45:51] [Server thread/INFO]: [@: Given Resistance (ID 11) * 100 to dingy_is_hot for 14 seconds]
[21:45:51] [Server thread/INFO]: [@: Given Regeneration (ID 10) * 99 to ItsNiki for 14 seconds]
[21:45:51] [Server thread/INFO]: [@: Given Regeneration (ID 10) * 99 to dingy_is_hot for 14 seconds]
[21:45:51] [Server thread/INFO]: CommandBlock at -11,70,-14 issued server command: /weather clear
[21:46:04] [Server thread/INFO]: [@: Given Weakness (ID 18) * 100 to ItsNiki for 14 seconds]
[21:46:04] [Server thread/INFO]: [@: Given Weakness (ID 18) * 100 to dingy_is_hot for 14 seconds]
[21:46:04] [Server thread/INFO]: [@: Given Resistance (ID 11) * 100 to ItsNiki for 14 seconds]
[21:46:04] [Server thread/INFO]: [@: Given Resistance (ID 11) * 100 to dingy_is_hot for 14 seconds]
[21:46:04] [Server thread/INFO]: [@: Given Regeneration (ID 10) * 99 to ItsNiki for 14 seconds]
[21:46:04] [Server thread/INFO]: [@: Given Regeneration (ID 10) * 99 to dingy_is_hot for 14 seconds]
[21:46:04] [Server thread/INFO]: CommandBlock at -11,70,-14 issued server command: /weather clear
[21:46:16] [Server thread/INFO]: [@: Given Weakness (ID 18) * 100 to ItsNiki for 14 seconds]
[21:46:16] [Server thread/INFO]: [@: Given Weakness (ID 18) * 100 to dingy_is_hot for 14 seconds]
[21:46:16] [Server thread/INFO]: [@: Given Resistance (ID 11) * 100 to ItsNiki for 14 seconds]
[21:46:16] [Server thread/INFO]: [@: Given Resistance (ID 11) * 100 to dingy_is_hot for 14 seconds]
[21:46:17] [Server thread/INFO]: [@: Given Regeneration (ID 10) * 99 to ItsNiki for 14 seconds]
[21:46:17] [Server thread/INFO]: [@: Given Regeneration (ID 10) * 99 to dingy_is_hot for 14 seconds]
[21:46:17] [Server thread/INFO]: CommandBlock at -11,70,-14 issued server command: /weather clear
[21:46:29] [Server thread/INFO]: [@: Given Weakness (ID 18) * 100 to ItsNiki for 14 seconds]
[21:46:29] [Server thread/INFO]: [@: Given Weakness (ID 18) * 100 to dingy_is_hot for 14 seconds]
[21:46:29] [Server thread/INFO]: [@: Given Resistance (ID 11) * 100 to ItsNiki for 14 seconds]
[21:46:29] [Server thread/INFO]: [@: Given Resistance (ID 11) * 100 to dingy_is_hot for 14 seconds]
[21:46:29] [Server thread/INFO]: dingy_is_hot issued server command: /gamemode c
[21:46:29] [Server thread/INFO]: [@: Given Regeneration (ID 10) * 99 to ItsNiki for 14 seconds]
[21:46:29] [Server thread/INFO]: [@: Given Regeneration (ID 10) * 99 to dingy_is_hot for 14 seconds]
[21:46:29] [Server thread/INFO]: CommandBlock at -11,70,-14 issued server command: /weather clear
[21:46:36] [Server thread/INFO]: dingy_is_hot issued server command: /gamemode s
[21:46:42] [Server thread/INFO]: [@: Given Weakness (ID 18) * 100 to dingy_is_hot for 14 seconds]
[21:46:42] [Server thread/INFO]: [@: Given Weakness (ID 18) * 100 to ItsNiki for 14 seconds]
[21:46:42] [Server thread/INFO]: [@: Given Resistance (ID 11) * 100 to dingy_is_hot for 14 seconds]
[21:46:42] [Server thread/INFO]: [@: Given Resistance (ID 11) * 100 to ItsNiki for 14 seconds]
[21:46:42] [Server thread/INFO]: [@: Given Regeneration (ID 10) * 99 to dingy_is_hot for 14 seconds]
[21:46:42] [Server thread/INFO]: [@: Given Regeneration (ID 10) * 99 to ItsNiki for 14 seconds]
[21:46:42] [Server thread/INFO]: CommandBlock at -11,70,-14 issued server command: /weather clear
[21:46:55] [Server thread/INFO]: [@: Given Weakness (ID 18) * 100 to ItsNiki for 14 seconds]
[21:46:55] [Server thread/INFO]: [@: Given Weakness (ID 18) * 100 to dingy_is_hot for 14 seconds]
[21:46:55] [Server thread/INFO]: [@: Given Resistance (ID 11) * 100 to ItsNiki for 14 seconds]
[21:46:55] [Server thread/INFO]: [@: Given Resistance (ID 11) * 100 to dingy_is_hot for 14 seconds]
[21:46:55] [Server thread/INFO]: [@: Given Regeneration (ID 10) * 99 to ItsNiki for 14 seconds]
[21:46:55] [Server thread/INFO]: [@: Given Regeneration (ID 10) * 99 to dingy_is_hot for 14 seconds]
[21:46:55] [Server thread/INFO]: CommandBlock at -11,70,-14 issued server command: /weather clear
[21:47:02] [Server thread/INFO]: [@: Title command successfully executed]
[21:47:02] [Server thread/INFO]: [@: Title command successfully executed]
[21:47:02] [Server thread/INFO]: CommandBlock at -7,70,-21 issued server command: /tp dingy_is_hot -7 61 -19
[21:47:02] [Server thread/INFO]: CommandBlock at -7,70,-21 issued server command: /tp ItsNiki -7 61 -19
[21:47:02] [Server thread/INFO]: [@: 2 blocks filled]
[21:47:03] [Server thread/INFO]: [@: 4 blocks filled]
[21:47:03] [Server thread/INFO]: [@: 4 blocks filled]
[21:47:03] [Server thread/INFO]: [@: 2601 blocks cloned]
[21:47:03] [Server thread/INFO]: [@: 2601 blocks cloned]
[21:47:03] [Server thread/INFO]: [@: 2601 blocks cloned]
[21:47:03] [Server thread/INFO]: [@: 2601 blocks cloned]
[21:47:03] [Server thread/INFO]: [@: 2 blocks filled]
[21:47:07] [Server thread/INFO]: [@: Given Weakness (ID 18) * 100 to dingy_is_hot for 14 seconds]
[21:47:07] [Server thread/INFO]: [@: Given Weakness (ID 18) * 100 to ItsNiki for 14 seconds]
[21:47:08] [Server thread/INFO]: [@: Given Resistance (ID 11) * 100 to dingy_is_hot for 14 seconds]
[21:47:08] [Server thread/INFO]: [@: Given Resistance (ID 11) * 100 to ItsNiki for 14 seconds]
[21:47:08] [Server thread/INFO]: [@: Given Regeneration (ID 10) * 99 to dingy_is_hot for 14 seconds]
[21:47:08] [Server thread/INFO]: [@: Given Regeneration (ID 10) * 99 to ItsNiki for 14 seconds]
[21:47:08] [Server thread/INFO]: CommandBlock at -11,70,-14 issued server command: /weather clear
[21:47:20] [Server thread/INFO]: [@: Given Weakness (ID 18) * 100 to ItsNiki for 14 seconds]
[21:47:20] [Server thread/INFO]: [@: Given Weakness (ID 18) * 100 to dingy_is_hot for 14 seconds]
[21:47:20] [Server thread/INFO]: [@: Given Resistance (ID 11) * 100 to ItsNiki for 14 seconds]
[21:47:20] [Server thread/INFO]: [@: Given Resistance (ID 11) * 100 to dingy_is_hot for 14 seconds]
[21:47:20] [Server thread/INFO]: [@: Given Regeneration (ID 10) * 99 to ItsNiki for 14 seconds]
[21:47:20] [Server thread/INFO]: [@: Given Regeneration (ID 10) * 99 to dingy_is_hot for 14 seconds]
[21:47:20] [Server thread/INFO]: CommandBlock at -11,70,-14 issued server command: /weather clear
[21:47:33] [Server thread/INFO]: [@: Given Weakness (ID 18) * 100 to ItsNiki for 14 seconds]
[21:47:33] [Server thread/INFO]: [@: Given Weakness (ID 18) * 100 to dingy_is_hot for 14 seconds]
[21:47:33] [Server thread/INFO]: [@: Given Resistance (ID 11) * 100 to ItsNiki for 14 seconds]
[21:47:33] [Server thread/INFO]: [@: Given Resistance (ID 11) * 100 to dingy_is_hot for 14 seconds]
[21:47:33] [Server thread/INFO]: [@: Given Regeneration (ID 10) * 99 to ItsNiki for 14 seconds]
[21:47:33] [Server thread/INFO]: [@: Given Regeneration (ID 10) * 99 to dingy_is_hot for 14 seconds]
[21:47:33] [Server thread/INFO]: CommandBlock at -11,70,-14 issued server command: /weather clear
[21:47:46] [Server thread/INFO]: [@: Given Weakness (ID 18) * 100 to ItsNiki for 14 seconds]
[21:47:46] [Server thread/INFO]: [@: Given Weakness (ID 18) * 100 to dingy_is_hot for 14 seconds]
[21:47:46] [Server thread/INFO]: [@: Given Resistance (ID 11) * 100 to ItsNiki for 14 seconds]
[21:47:46] [Server thread/INFO]: [@: Given Resistance (ID 11) * 100 to dingy_is_hot for 14 seconds]
[21:47:46] [Server thread/INFO]: [@: Given Regeneration (ID 10) * 99 to ItsNiki for 14 seconds]
[21:47:46] [Server thread/INFO]: [@: Given Regeneration (ID 10) * 99 to dingy_is_hot for 14 seconds]
[21:47:46] [Server thread/INFO]: CommandBlock at -11,70,-14 issued server command: /weather clear
[21:47:58] [Server thread/INFO]: [@: Given Weakness (ID 18) * 100 to dingy_is_hot for 14 seconds]
[21:47:58] [Server thread/INFO]: [@: Given Weakness (ID 18) * 100 to ItsNiki for 14 seconds]
[21:47:59] [Server thread/INFO]: [@: Given Resistance (ID 11) * 100 to dingy_is_hot for 14 seconds]
[21:47:59] [Server thread/INFO]: [@: Given Resistance (ID 11) * 100 to ItsNiki for 14 seconds]
[21:47:59] [Server thread/INFO]: [@: Given Regeneration (ID 10) * 99 to dingy_is_hot for 14 seconds]
[21:47:59] [Server thread/INFO]: [@: Given Regeneration (ID 10) * 99 to ItsNiki for 14 seconds]
[21:47:59] [Server thread/INFO]: CommandBlock at -11,70,-14 issued server command: /weather clear
[21:48:11] [Server thread/INFO]: [@: Given Weakness (ID 18) * 100 to dingy_is_hot for 14 seconds]
[21:48:11] [Server thread/INFO]: [@: Given Weakness (ID 18) * 100 to ItsNiki for 14 seconds]
[21:48:11] [Server thread/INFO]: [@: Given Resistance (ID 11) * 100 to ItsNiki for 14 seconds]
[21:48:11] [Server thread/INFO]: [@: Given Resistance (ID 11) * 100 to dingy_is_hot for 14 seconds]
[21:48:11] [Server thread/INFO]: [@: Given Regeneration (ID 10) * 99 to dingy_is_hot for 14 seconds]
[21:48:11] [Server thread/INFO]: [@: Given Regeneration (ID 10) * 99 to ItsNiki for 14 seconds]
[21:48:11] [Server thread/INFO]: [0;33;22m[0;31;22m[ClearLag] [0;31;1mWarning Ground items will be removed in one minute![m

[21:48:11] [Server thread/INFO]: CommandBlock at -11,70,-14 issued server command: /weather clear
[21:48:12] [Craft Scheduler Thread - 65/INFO]: [Metrics] Connection refused
[21:48:24] [Server thread/INFO]: [@: Given Weakness (ID 18) * 100 to dingy_is_hot for 14 seconds]
[21:48:24] [Server thread/INFO]: [@: Given Weakness (ID 18) * 100 to ItsNiki for 14 seconds]
[21:48:24] [Server thread/INFO]: [@: Given Resistance (ID 11) * 100 to dingy_is_hot for 14 seconds]
[21:48:24] [Server thread/INFO]: [@: Given Resistance (ID 11) * 100 to ItsNiki for 14 seconds]
[21:48:24] [Server thread/INFO]: [@: Given Regeneration (ID 10) * 99 to dingy_is_hot for 14 seconds]
[21:48:24] [Server thread/INFO]: CommandBlock at -11,70,-14 issued server command: /weather clear
[21:48:30] [Server thread/INFO]: dingy_is_hot issued server command: /tnt
[21:48:32] [Server thread/INFO]: dingy_is_hot issued server command: /tnt
[21:48:37] [Server thread/INFO]: [@: Given Weakness (ID 18) * 100 to ItsNiki for 14 seconds]
[21:48:37] [Server thread/INFO]: [@: Given Weakness (ID 18) * 100 to dingy_is_hot for 14 seconds]
[21:48:37] [Server thread/INFO]: [@: Given Resistance (ID 11) * 100 to ItsNiki for 14 seconds]
[21:48:37] [Server thread/INFO]: [@: Given Resistance (ID 11) * 100 to dingy_is_hot for 14 seconds]
[21:48:37] [Server thread/INFO]: dingy_is_hot issued server command: /tnt
[21:48:37] [Server thread/INFO]: [@: Given Regeneration (ID 10) * 99 to dingy_is_hot for 14 seconds]
[21:48:37] [Server thread/INFO]: [@: Given Regeneration (ID 10) * 99 to ItsNiki for 14 seconds]
[21:48:37] [Server thread/INFO]: CommandBlock at -11,70,-14 issued server command: /weather clear
[21:48:45] [Server thread/INFO]: dingy_is_hot issued server command: /tnt
[21:48:48] [Server thread/INFO]: dingy_is_hot issued server command: /tnt
[21:48:49] [Server thread/INFO]: [@: Given Weakness (ID 18) * 100 to dingy_is_hot for 14 seconds]
[21:48:49] [Server thread/INFO]: [@: Given Weakness (ID 18) * 100 to ItsNiki for 14 seconds]
[21:48:50] [Server thread/INFO]: [@: Given Resistance (ID 11) * 100 to dingy_is_hot for 14 seconds]
[21:48:50] [Server thread/INFO]: [@: Given Resistance (ID 11) * 100 to ItsNiki for 14 seconds]
[21:48:50] [Server thread/INFO]: [@: Given Regeneration (ID 10) * 99 to dingy_is_hot for 14 seconds]
[21:48:50] [Server thread/INFO]: [@: Given Regeneration (ID 10) * 99 to ItsNiki for 14 seconds]
[21:48:50] [Server thread/INFO]: CommandBlock at -11,70,-14 issued server command: /weather clear
[21:48:55] [Server thread/INFO]: dingy_is_hot issued server command: /tnt
[21:48:58] [Server thread/INFO]: ItsNiki issued server command: /tnt
[21:48:59] [Server thread/INFO]: dingy_is_hot issued server command: /tnt
[21:49:01] [Server thread/INFO]: ItsNiki issued server command: /tnt
[21:49:01] [Server thread/INFO]: dingy_is_hot issued server command: /tnt
[21:49:02] [Server thread/INFO]: [@: Given Weakness (ID 18) * 100 to dingy_is_hot for 14 seconds]
[21:49:02] [Server thread/INFO]: [@: Given Weakness (ID 18) * 100 to ItsNiki for 14 seconds]
[21:49:02] [Server thread/INFO]: [@: Given Resistance (ID 11) * 100 to dingy_is_hot for 14 seconds]
[21:49:02] [Server thread/INFO]: [@: Given Resistance (ID 11) * 100 to ItsNiki for 14 seconds]
[21:49:02] [Server thread/INFO]: [@: Given Regeneration (ID 10) * 99 to dingy_is_hot for 14 seconds]
[21:49:02] [Server thread/INFO]: [@: Given Regeneration (ID 10) * 99 to ItsNiki for 14 seconds]
[21:49:02] [Server thread/INFO]: CommandBlock at -11,70,-14 issued server command: /weather clear
[21:49:03] [Server thread/INFO]: ItsNiki issued server command: /tnt
[21:49:05] [Server thread/INFO]: ItsNiki issued server command: /tnt
[21:49:08] [Server thread/INFO]: ItsNiki issued server command: /tnt
[21:49:08] [Server thread/INFO]: dingy_is_hot issued server command: /tnt
[21:49:11] [Server thread/INFO]: [0;33;22m[0;33;22m[ClearLag] [0;32;1mRemoved 169 Entities![m

[21:49:13] [Server thread/INFO]: dingy_is_hot issued server command: /tnt
[21:49:13] [Server thread/INFO]: ItsNiki issued server command: /tnt
[21:49:14] [Server thread/INFO]: dingy_is_hot issued server command: /tnt
[21:49:15] [Server thread/INFO]: dingy_is_hot issued server command: /tnt
[21:49:15] [Server thread/INFO]: [@: Given Weakness (ID 18) * 100 to dingy_is_hot for 14 seconds]
[21:49:15] [Server thread/INFO]: [@: Given Weakness (ID 18) * 100 to ItsNiki for 14 seconds]
[21:49:15] [Server thread/INFO]: [@: Given Resistance (ID 11) * 100 to dingy_is_hot for 14 seconds]
[21:49:15] [Server thread/INFO]: [@: Given Resistance (ID 11) * 100 to ItsNiki for 14 seconds]
[21:49:15] [Server thread/INFO]: [@: Given Regeneration (ID 10) * 99 to ItsNiki for 14 seconds]
[21:49:15] [Server thread/INFO]: [@: Given Regeneration (ID 10) * 99 to dingy_is_hot for 14 seconds]
[21:49:15] [Server thread/INFO]: CommandBlock at -11,70,-14 issued server command: /weather clear
[21:49:17] [Server thread/INFO]: ItsNiki issued server command: /tnt
[21:49:18] [Server thread/INFO]: dingy_is_hot issued server command: /tnt\
[21:49:20] [Server thread/INFO]: dingy_is_hot issued server command: /tnt
[21:49:28] [Server thread/INFO]: [@: Given Weakness (ID 18) * 100 to ItsNiki for 14 seconds]
[21:49:28] [Server thread/INFO]: [@: Given Weakness (ID 18) * 100 to dingy_is_hot for 14 seconds]
[21:49:28] [Server thread/INFO]: [@: Given Resistance (ID 11) * 100 to dingy_is_hot for 14 seconds]
[21:49:28] [Server thread/INFO]: [@: Given Resistance (ID 11) * 100 to ItsNiki for 14 seconds]
[21:49:28] [Server thread/INFO]: [@: Given Regeneration (ID 10) * 99 to dingy_is_hot for 14 seconds]
[21:49:28] [Server thread/INFO]: [@: Given Regeneration (ID 10) * 99 to ItsNiki for 14 seconds]
[21:49:28] [Server thread/INFO]: CommandBlock at -11,70,-14 issued server command: /weather clear
[21:49:35] [Server thread/INFO]: ItsNiki issued server command: /tnt
[21:49:36] [Server thread/INFO]: [@: Title command successfully executed]
[21:49:36] [Server thread/INFO]: [@: Title command successfully executed]
[21:49:36] [Server thread/INFO]: CommandBlock at -7,70,-21 issued server command: /tp dingy_is_hot -7 61 -19
[21:49:36] [Server thread/INFO]: CommandBlock at -7,70,-21 issued server command: /tp ItsNiki -7 61 -19
[21:49:36] [Server thread/INFO]: [@: 2 blocks filled]
[21:49:36] [Server thread/INFO]: [@: 4 blocks filled]
[21:49:36] [Server thread/INFO]: [@: 4 blocks filled]
[21:49:38] [Server thread/INFO]: [@: 2601 blocks cloned]
[21:49:38] [Server thread/INFO]: [@: 2601 blocks cloned]
[21:49:38] [Server thread/INFO]: [@: 2601 blocks cloned]
[21:49:38] [Server thread/INFO]: [@: 2601 blocks cloned]
[21:49:38] [Server thread/INFO]: [@: 2 blocks filled]
[21:49:39] [Server thread/INFO]: ItsNiki issued server command: /tnmt
[21:49:40] [Server thread/INFO]: dingy_is_hot issued server command: /tnt
[21:49:40] [Server thread/INFO]: [@: Given Weakness (ID 18) * 100 to ItsNiki for 14 seconds]
[21:49:40] [Server thread/INFO]: [@: Given Weakness (ID 18) * 100 to dingy_is_hot for 14 seconds]
[21:49:40] [Server thread/INFO]: [@: Given Resistance (ID 11) * 100 to ItsNiki for 14 seconds]
[21:49:40] [Server thread/INFO]: [@: Given Resistance (ID 11) * 100 to dingy_is_hot for 14 seconds]
[21:49:41] [Server thread/INFO]: [@: Given Regeneration (ID 10) * 99 to ItsNiki for 14 seconds]
[21:49:41] [Server thread/INFO]: [@: Given Regeneration (ID 10) * 99 to dingy_is_hot for 14 seconds]
[21:49:41] [Server thread/INFO]: CommandBlock at -11,70,-14 issued server command: /weather clear
[21:49:41] [Server thread/INFO]: ItsNiki issued server command: /tnt
[21:49:42] [Server thread/INFO]: dingy_is_hot issued server command: /tnt
[21:49:44] [Server thread/INFO]: dingy_is_hot issued server command: /tnt
[21:49:44] [Server thread/INFO]: ItsNiki issued server command: /tnt
[21:49:44] [Server thread/INFO]: dingy_is_hot issued server command: /tnt
[21:49:45] [Server thread/INFO]: dingy_is_hot issued server command: /tnt
[21:49:45] [Server thread/INFO]: dingy_is_hot issued server command: /tnt
[21:49:46] [Server thread/INFO]: dingy_is_hot issued server command: /tnt
[21:49:46] [Server thread/INFO]: dingy_is_hot issued server command: /tnt
[21:49:46] [Server thread/INFO]: dingy_is_hot issued server command: /tnt
[21:49:46] [Server thread/INFO]: dingy_is_hot issued server command: /
[21:49:47] [Server thread/INFO]: dingy_is_hot issued server command: /
[21:49:48] [Server thread/INFO]: ItsNiki issued server command: /tnt
[21:49:48] [Server thread/INFO]: dingy_is_hot issued server command: /\
[21:49:51] [Server thread/INFO]: ItsNiki issued server command: /tnt
[21:49:52] [Server thread/INFO]: dingy_is_hot issued server command: /\
[21:49:53] [Server thread/INFO]: [@: Given Weakness (ID 18) * 100 to dingy_is_hot for 14 seconds]
[21:49:53] [Server thread/INFO]: [@: Given Weakness (ID 18) * 100 to ItsNiki for 14 seconds]
[21:49:53] [Server thread/INFO]: [@: Given Resistance (ID 11) * 100 to dingy_is_hot for 14 seconds]
[21:49:53] [Server thread/INFO]: [@: Given Resistance (ID 11) * 100 to ItsNiki for 14 seconds]
[21:49:53] [Server thread/INFO]: [@: Given Regeneration (ID 10) * 99 to dingy_is_hot for 14 seconds]
[21:49:53] [Server thread/INFO]: [@: Given Regeneration (ID 10) * 99 to ItsNiki for 14 seconds]
[21:49:53] [Server thread/INFO]: CommandBlock at -11,70,-14 issued server command: /weather clear
[21:49:54] [Server thread/INFO]: dingy_is_hot issued server command: /\
[21:49:56] [Server thread/INFO]: dingy_is_hot issued server command: /
[21:49:59] [Server thread/INFO]: dingy_is_hot issued server command: /tnt
[21:49:59] [Server thread/INFO]: ItsNiki issued server command: /tnt
[21:50:00] [Server thread/INFO]: dingy_is_hot issued server command: /tnt
[21:50:01] [Server thread/INFO]: dingy_is_hot issued server command: /tnt\
[21:50:03] [Server thread/INFO]: dingy_is_hot issued server command: /tnt
[21:50:06] [Server thread/INFO]: [@: Given Weakness (ID 18) * 100 to dingy_is_hot for 14 seconds]
[21:50:06] [Server thread/INFO]: [@: Given Weakness (ID 18) * 100 to ItsNiki for 14 seconds]
[21:50:06] [Server thread/INFO]: [@: Given Resistance (ID 11) * 100 to dingy_is_hot for 14 seconds]
[21:50:06] [Server thread/INFO]: [@: Given Resistance (ID 11) * 100 to ItsNiki for 14 seconds]
[21:50:06] [Server thread/INFO]: [@: Given Regeneration (ID 10) * 99 to dingy_is_hot for 14 seconds]
[21:50:06] [Server thread/INFO]: [@: Given Regeneration (ID 10) * 99 to ItsNiki for 14 seconds]
[21:50:06] [Server thread/INFO]: CommandBlock at -11,70,-14 issued server command: /weather clear
[21:50:06] [Server thread/INFO]: dingy_is_hot issued server command: /tnt
[21:50:09] [Server thread/INFO]: dingy_is_hot issued server command: /tnt
[21:50:10] [Server thread/INFO]: dingy_is_hot issued server command: /tnt
[21:50:12] [Server thread/INFO]: dingy_is_hot issued server command: /tnt
[21:50:14] [Server thread/WARN]: ItsNiki moved wrongly!
[21:50:19] [Server thread/INFO]: [@: Given Weakness (ID 18) * 100 to ItsNiki for 14 seconds]
[21:50:19] [Server thread/INFO]: [@: Given Weakness (ID 18) * 100 to dingy_is_hot for 14 seconds]
[21:50:19] [Server thread/INFO]: [@: Given Resistance (ID 11) * 100 to ItsNiki for 14 seconds]
[21:50:19] [Server thread/INFO]: [@: Given Resistance (ID 11) * 100 to dingy_is_hot for 14 seconds]
[21:50:19] [Server thread/INFO]: [@: Given Regeneration (ID 10) * 99 to ItsNiki for 14 seconds]
[21:50:19] [Server thread/INFO]: [@: Given Regeneration (ID 10) * 99 to dingy_is_hot for 14 seconds]
[21:50:19] [Server thread/INFO]: CommandBlock at -11,70,-14 issued server command: /weather clear
[21:50:31] [Server thread/INFO]: [@: Given Weakness (ID 18) * 100 to dingy_is_hot for 14 seconds]
[21:50:31] [Server thread/INFO]: [@: Given Weakness (ID 18) * 100 to ItsNiki for 14 seconds]
[21:50:32] [Server thread/INFO]: [@: Given Resistance (ID 11) * 100 to dingy_is_hot for 14 seconds]
[21:50:32] [Server thread/INFO]: [@: Given Resistance (ID 11) * 100 to ItsNiki for 14 seconds]
[21:50:32] [Server thread/INFO]: [@: Given Regeneration (ID 10) * 99 to dingy_is_hot for 14 seconds]
[21:50:32] [Server thread/INFO]: [@: Given Regeneration (ID 10) * 99 to ItsNiki for 14 seconds]
[21:50:32] [Server thread/INFO]: CommandBlock at -11,70,-14 issued server command: /weather clear
[21:50:36] [Server thread/INFO]: dingy_is_hot issued server command: /
[21:50:37] [Server thread/INFO]: dingy_is_hot issued server command: /
[21:50:37] [Server thread/INFO]: dingy_is_hot issued server command: /
[21:50:39] [Server thread/INFO]: ItsNiki fell out of the world
[21:50:40] [Server thread/INFO]: dingy_is_hot issued server command: /tnt
[21:50:40] [Server thread/INFO]: dingy_is_hot issued server command: /tnt
[21:50:41] [Server thread/INFO]: dingy_is_hot issued server command: /tnt
[21:50:41] [Server thread/INFO]: dingy_is_hot issued server command: /tnt
[21:50:41] [Server thread/INFO]: CommandBlock at 185,142,-185 issued server command: /gamemode adventure ItsNiki
[21:50:42] [Server thread/INFO]: dingy_is_hot issued server command: /tnt
[21:50:42] [Server thread/INFO]: dingy_is_hot issued server command: /tnt
[21:50:42] [Server thread/INFO]: dingy_is_hot issued server command: /tnt
[21:50:43] [Server thread/INFO]: dingy_is_hot issued server command: /tnt
[21:50:43] [Server thread/INFO]: dingy_is_hot issued server command: /tnt
[21:50:43] [Server thread/INFO]: dingy_is_hot issued server command: /tnt
[21:50:44] [Server thread/INFO]: [@: Given Weakness (ID 18) * 100 to dingy_is_hot for 14 seconds]
[21:50:44] [Server thread/INFO]: [@: Given Resistance (ID 11) * 100 to dingy_is_hot for 14 seconds]
[21:50:44] [Server thread/INFO]: [@: Given Regeneration (ID 10) * 99 to dingy_is_hot for 14 seconds]
[21:50:44] [Server thread/INFO]: CommandBlock at -11,70,-14 issued server command: /weather clear
[21:50:45] [Server thread/INFO]: ItsNiki issued server command: /back
[21:50:50] [Server thread/INFO]: dingy_is_hot issued server command: /nuke
[21:50:52] [Server thread/INFO]: ItsNiki fell out of the world
[21:50:54] [Server thread/INFO]: CommandBlock at 185,142,-185 issued server command: /gamemode adventure ItsNiki
[21:50:57] [Server thread/INFO]: [@: Given Weakness (ID 18) * 100 to dingy_is_hot for 14 seconds]
[21:50:57] [Server thread/INFO]: [@: Given Resistance (ID 11) * 100 to dingy_is_hot for 14 seconds]
[21:50:57] [Server thread/INFO]: [@: Given Regeneration (ID 10) * 99 to dingy_is_hot for 14 seconds]
[21:50:57] [Server thread/INFO]: CommandBlock at -11,70,-14 issued server command: /weather clear
[21:51:05] [Server thread/INFO]: CommandBlock at 184,143,-190 issued server command: /gamemode s ItsNiki
[21:51:05] [Server thread/INFO]: CommandBlock at 184,143,-192 issued server command: /tp ItsNiki 238 82 -135
[21:51:08] [Server thread/INFO]: dingy_is_hot issued server command: /nuke
[21:51:10] [Server thread/INFO]: [@: Given Weakness (ID 18) * 100 to dingy_is_hot for 14 seconds]
[21:51:10] [Server thread/INFO]: [@: Given Resistance (ID 11) * 100 to dingy_is_hot for 14 seconds]
[21:51:10] [Server thread/INFO]: CommandBlock at -11,70,-14 issued server command: /weather clear
[21:51:16] [Server thread/INFO]: dingy_is_hot issued server command: /tp ItsNiki dingy_is_hot
[21:51:17] [Server thread/INFO]: dingy_is_hot issued server command: /tp ItsNiki dingy_is_hot
[21:51:19] [Server thread/INFO]: dingy_is_hot issued server command: /tp ItsNiki dingy_is_hot
[21:51:19] [Server thread/INFO]: dingy_is_hot issued server command: /tp ItsNiki dingy_is_hot
[21:51:22] [Server thread/INFO]: [@: Given Weakness (ID 18) * 100 to ItsNiki for 14 seconds]
[21:51:22] [Server thread/INFO]: [@: Given Weakness (ID 18) * 100 to dingy_is_hot for 14 seconds]
[21:51:23] [Server thread/INFO]: [@: Given Resistance (ID 11) * 100 to ItsNiki for 14 seconds]
[21:51:23] [Server thread/INFO]: [@: Given Resistance (ID 11) * 100 to dingy_is_hot for 14 seconds]
[21:51:23] [Server thread/INFO]: [@: Given Regeneration (ID 10) * 99 to ItsNiki for 14 seconds]
[21:51:23] [Server thread/INFO]: dingy_is_hot issued server command: /nuke
[21:51:23] [Server thread/INFO]: CommandBlock at -11,70,-14 issued server command: /weather clear
[21:51:24] [Server thread/INFO]: dingy_is_hot issued server command: /nuke
[21:51:24] [Server thread/INFO]: dingy_is_hot issued server command: /nuke
[21:51:31] [Server thread/INFO]: dingy_is_hot issued server command: /nuke
[21:51:32] [Server thread/INFO]: dingy_is_hot issued server command: /nuke
[21:51:32] [Server thread/INFO]: dingy_is_hot issued server command: /nuke
[21:51:33] [Server thread/INFO]: ItsNiki issued server command: /rain dingy_is_hot
[21:51:34] [Server thread/INFO]: dingy_is_hot issued server command: /nuke
[21:51:34] [Server thread/INFO]: dingy_is_hot issued server command: /nuke
[21:51:35] [Server thread/INFO]: dingy_is_hot issued server command: /nuke
[21:51:35] [Server thread/INFO]: [@: Given Weakness (ID 18) * 100 to ItsNiki for 14 seconds]
[21:51:35] [Server thread/INFO]: [@: Given Weakness (ID 18) * 100 to dingy_is_hot for 14 seconds]
[21:51:35] [Server thread/INFO]: [@: Given Resistance (ID 11) * 100 to ItsNiki for 14 seconds]
[21:51:35] [Server thread/INFO]: [@: Given Resistance (ID 11) * 100 to dingy_is_hot for 14 seconds]
[21:51:35] [Server thread/INFO]: [@: Given Regeneration (ID 10) * 99 to ItsNiki for 14 seconds]
[21:51:36] [Server thread/INFO]: CommandBlock at -11,70,-14 issued server command: /weather clear
[21:51:48] [Server thread/INFO]: [@: Given Weakness (ID 18) * 100 to ItsNiki for 14 seconds]
[21:51:48] [Server thread/INFO]: [@: Given Weakness (ID 18) * 100 to dingy_is_hot for 14 seconds]
[21:51:48] [Server thread/INFO]: [@: Given Resistance (ID 11) * 100 to dingy_is_hot for 14 seconds]
[21:51:48] [Server thread/INFO]: [@: Given Resistance (ID 11) * 100 to ItsNiki for 14 seconds]
[21:51:48] [Server thread/INFO]: [@: Given Regeneration (ID 10) * 99 to dingy_is_hot for 14 seconds]
[21:51:48] [Server thread/INFO]: [@: Given Regeneration (ID 10) * 99 to ItsNiki for 14 seconds]
[21:51:48] [Server thread/INFO]: CommandBlock at -11,70,-14 issued server command: /weather clear
[21:52:01] [Server thread/INFO]: [@: Given Weakness (ID 18) * 100 to ItsNiki for 14 seconds]
[21:52:01] [Server thread/INFO]: [@: Given Weakness (ID 18) * 100 to dingy_is_hot for 14 seconds]
[21:52:01] [Server thread/INFO]: [@: Given Resistance (ID 11) * 100 to ItsNiki for 14 seconds]
[21:52:01] [Server thread/INFO]: [@: Given Resistance (ID 11) * 100 to dingy_is_hot for 14 seconds]
[21:52:01] [Server thread/INFO]: [@: Given Regeneration (ID 10) * 99 to ItsNiki for 14 seconds]
[21:52:01] [Server thread/INFO]: CommandBlock at -11,70,-14 issued server command: /weather clear
[21:52:09] [Server thread/INFO]: [@: Title command successfully executed]
[21:52:09] [Server thread/INFO]: [@: Title command successfully executed]
[21:52:10] [Server thread/INFO]: CommandBlock at -7,70,-21 issued server command: /tp dingy_is_hot -7 61 -19
[21:52:10] [Server thread/INFO]: CommandBlock at -7,70,-21 issued server command: /tp ItsNiki -7 61 -19
[21:52:10] [Server thread/INFO]: [@: 2 blocks filled]
[21:52:10] [Server thread/INFO]: [@: 4 blocks filled]
[21:52:10] [Server thread/INFO]: [@: 4 blocks filled]
[21:52:11] [Server thread/INFO]: [@: 2601 blocks cloned]
[21:52:11] [Server thread/INFO]: [@: 2601 blocks cloned]
[21:52:11] [Server thread/INFO]: [@: 2601 blocks cloned]
[21:52:11] [Server thread/INFO]: [@: 2601 blocks cloned]
[21:52:11] [Server thread/INFO]: [@: 2 blocks filled]
[21:52:14] [Server thread/INFO]: [@: Given Weakness (ID 18) * 100 to ItsNiki for 14 seconds]
[21:52:14] [Server thread/INFO]: [@: Given Weakness (ID 18) * 100 to dingy_is_hot for 14 seconds]
[21:52:14] [Server thread/INFO]: [@: Given Resistance (ID 11) * 100 to ItsNiki for 14 seconds]
[21:52:14] [Server thread/INFO]: [@: Given Resistance (ID 11) * 100 to dingy_is_hot for 14 seconds]
[21:52:14] [Server thread/INFO]: [@: Given Regeneration (ID 10) * 99 to dingy_is_hot for 14 seconds]
[21:52:14] [Server thread/INFO]: [@: Given Regeneration (ID 10) * 99 to ItsNiki for 14 seconds]
[21:52:14] [Server thread/INFO]: CommandBlock at -11,70,-14 issued server command: /weather clear
[21:52:26] [Server thread/INFO]: [@: Given Weakness (ID 18) * 100 to ItsNiki for 14 seconds]
[21:52:26] [Server thread/INFO]: [@: Given Weakness (ID 18) * 100 to dingy_is_hot for 14 seconds]
[21:52:27] [Server thread/INFO]: [@: Given Resistance (ID 11) * 100 to ItsNiki for 14 seconds]
[21:52:27] [Server thread/INFO]: [@: Given Resistance (ID 11) * 100 to dingy_is_hot for 14 seconds]
[21:52:27] [Server thread/INFO]: [@: Given Regeneration (ID 10) * 99 to ItsNiki for 14 seconds]
[21:52:27] [Server thread/INFO]: [@: Given Regeneration (ID 10) * 99 to dingy_is_hot for 14 seconds]
[21:52:27] [Server thread/INFO]: CommandBlock at -11,70,-14 issued server command: /weather clear
[21:52:39] [Server thread/INFO]: [@: Given Weakness (ID 18) * 100 to ItsNiki for 14 seconds]
[21:52:39] [Server thread/INFO]: [@: Given Weakness (ID 18) * 100 to dingy_is_hot for 14 seconds]
[21:52:39] [Server thread/INFO]: [@: Given Resistance (ID 11) * 100 to ItsNiki for 14 seconds]
[21:52:39] [Server thread/INFO]: [@: Given Resistance (ID 11) * 100 to dingy_is_hot for 14 seconds]
[21:52:39] [Server thread/INFO]: [@: Given Regeneration (ID 10) * 99 to ItsNiki for 14 seconds]
[21:52:39] [Server thread/INFO]: [@: Given Regeneration (ID 10) * 99 to dingy_is_hot for 14 seconds]
[21:52:39] [Server thread/INFO]: CommandBlock at -11,70,-14 issued server command: /weather clear
[21:52:52] [Server thread/INFO]: [@: Given Weakness (ID 18) * 100 to ItsNiki for 14 seconds]
[21:52:52] [Server thread/INFO]: [@: Given Weakness (ID 18) * 100 to dingy_is_hot for 14 seconds]
[21:52:52] [Server thread/INFO]: [@: Given Resistance (ID 11) * 100 to ItsNiki for 14 seconds]
[21:52:52] [Server thread/INFO]: [@: Given Resistance (ID 11) * 100 to dingy_is_hot for 14 seconds]
[21:52:52] [Server thread/INFO]: [@: Given Regeneration (ID 10) * 99 to ItsNiki for 14 seconds]
[21:52:52] [Server thread/INFO]: [@: Given Regeneration (ID 10) * 99 to dingy_is_hot for 14 seconds]
[21:52:52] [Server thread/INFO]: CommandBlock at -11,70,-14 issued server command: /weather clear
[21:53:05] [Server thread/INFO]: [@: Given Weakness (ID 18) * 100 to ItsNiki for 14 seconds]
[21:53:05] [Server thread/INFO]: [@: Given Weakness (ID 18) * 100 to dingy_is_hot for 14 seconds]
[21:53:05] [Server thread/INFO]: [@: Given Resistance (ID 11) * 100 to ItsNiki for 14 seconds]
[21:53:05] [Server thread/INFO]: [@: Given Resistance (ID 11) * 100 to dingy_is_hot for 14 seconds]
[21:53:05] [Server thread/INFO]: [@: Given Regeneration (ID 10) * 99 to ItsNiki for 14 seconds]
[21:53:05] [Server thread/INFO]: [@: Given Regeneration (ID 10) * 99 to dingy_is_hot for 14 seconds]
[21:53:05] [Server thread/INFO]: CommandBlock at -11,70,-14 issued server command: /weather clear
[21:53:17] [Server thread/INFO]: [@: Given Weakness (ID 18) * 100 to dingy_is_hot for 14 seconds]
[21:53:17] [Server thread/INFO]: [@: Given Weakness (ID 18) * 100 to ItsNiki for 14 seconds]
[21:53:18] [Server thread/INFO]: [@: Given Resistance (ID 11) * 100 to dingy_is_hot for 14 seconds]
[21:53:18] [Server thread/INFO]: [@: Given Resistance (ID 11) * 100 to ItsNiki for 14 seconds]
[21:53:18] [Server thread/INFO]: [@: Given Regeneration (ID 10) * 99 to dingy_is_hot for 14 seconds]
[21:53:18] [Server thread/INFO]: [@: Given Regeneration (ID 10) * 99 to ItsNiki for 14 seconds]
[21:53:18] [Server thread/INFO]: CommandBlock at -11,70,-14 issued server command: /weather clear
[21:53:22] [Server thread/INFO]: dingy_is_hot issued server command: /tnt
[21:53:25] [Server thread/INFO]: dingy_is_hot issued server command: /tnt
[21:53:29] [Server thread/INFO]: dingy_is_hot issued server command: /tnt
[21:53:30] [Server thread/INFO]: [@: Given Weakness (ID 18) * 100 to dingy_is_hot for 14 seconds]
[21:53:30] [Server thread/INFO]: [@: Given Weakness (ID 18) * 100 to ItsNiki for 14 seconds]
[21:53:30] [Server thread/INFO]: [@: Given Resistance (ID 11) * 100 to dingy_is_hot for 14 seconds]
[21:53:30] [Server thread/INFO]: [@: Given Resistance (ID 11) * 100 to ItsNiki for 14 seconds]
[21:53:30] [Server thread/INFO]: [@: Given Regeneration (ID 10) * 99 to dingy_is_hot for 14 seconds]
[21:53:30] [Server thread/INFO]: [@: Given Regeneration (ID 10) * 99 to ItsNiki for 14 seconds]
[21:53:30] [Server thread/INFO]: CommandBlock at -11,70,-14 issued server command: /weather clear
[21:53:34] [Server thread/INFO]: dingy_is_hot issued server command: /tnt
[21:53:43] [Server thread/INFO]: [@: Given Weakness (ID 18) * 100 to dingy_is_hot for 14 seconds]
[21:53:43] [Server thread/INFO]: [@: Given Weakness (ID 18) * 100 to ItsNiki for 14 seconds]
[21:53:43] [Server thread/INFO]: [@: Given Resistance (ID 11) * 100 to dingy_is_hot for 14 seconds]
[21:53:43] [Server thread/INFO]: [@: Given Resistance (ID 11) * 100 to ItsNiki for 14 seconds]
[21:53:43] [Server thread/INFO]: [@: Given Regeneration (ID 10) * 99 to dingy_is_hot for 14 seconds]
[21:53:43] [Server thread/INFO]: [@: Given Regeneration (ID 10) * 99 to ItsNiki for 14 seconds]
[21:53:43] [Server thread/INFO]: CommandBlock at -11,70,-14 issued server command: /weather clear
[21:53:49] [Server thread/INFO]: dingy_is_hot issued server command: /tnt
[21:53:56] [Server thread/INFO]: [@: Given Weakness (ID 18) * 100 to ItsNiki for 14 seconds]
[21:53:56] [Server thread/INFO]: [@: Given Weakness (ID 18) * 100 to dingy_is_hot for 14 seconds]
[21:53:56] [Server thread/INFO]: [@: Given Resistance (ID 11) * 100 to ItsNiki for 14 seconds]
[21:53:56] [Server thread/INFO]: [@: Given Resistance (ID 11) * 100 to dingy_is_hot for 14 seconds]
[21:53:56] [Server thread/INFO]: [@: Given Regeneration (ID 10) * 99 to ItsNiki for 14 seconds]
[21:53:56] [Server thread/INFO]: [@: Given Regeneration (ID 10) * 99 to dingy_is_hot for 14 seconds]
[21:53:56] [Server thread/INFO]: CommandBlock at -11,70,-14 issued server command: /weather clear
[21:54:08] [Server thread/INFO]: [@: Given Weakness (ID 18) * 100 to dingy_is_hot for 14 seconds]
[21:54:08] [Server thread/INFO]: [@: Given Weakness (ID 18) * 100 to ItsNiki for 14 seconds]
[21:54:09] [Server thread/INFO]: [@: Given Resistance (ID 11) * 100 to dingy_is_hot for 14 seconds]
[21:54:09] [Server thread/INFO]: [@: Given Resistance (ID 11) * 100 to ItsNiki for 14 seconds]
[21:54:09] [Server thread/INFO]: [@: Given Regeneration (ID 10) * 99 to dingy_is_hot for 14 seconds]
[21:54:09] [Server thread/INFO]: [@: Given Regeneration (ID 10) * 99 to ItsNiki for 14 seconds]
[21:54:09] [Server thread/INFO]: CommandBlock at -11,70,-14 issued server command: /weather clear
[21:54:21] [Server thread/INFO]: [@: Given Weakness (ID 18) * 100 to dingy_is_hot for 14 seconds]
[21:54:21] [Server thread/INFO]: [@: Given Weakness (ID 18) * 100 to ItsNiki for 14 seconds]
[21:54:21] [Server thread/INFO]: [@: Given Resistance (ID 11) * 100 to dingy_is_hot for 14 seconds]
[21:54:21] [Server thread/INFO]: [@: Given Resistance (ID 11) * 100 to ItsNiki for 14 seconds]
[21:54:21] [Server thread/INFO]: [@: Given Regeneration (ID 10) * 99 to dingy_is_hot for 14 seconds]
[21:54:21] [Server thread/INFO]: [@: Given Regeneration (ID 10) * 99 to ItsNiki for 14 seconds]
[21:54:21] [Server thread/INFO]: CommandBlock at -11,70,-14 issued server command: /weather clear
[21:54:33] [Server thread/INFO]: dingy_is_hot issued server command: /tnt
[21:54:34] [Server thread/INFO]: [@: Given Weakness (ID 18) * 100 to dingy_is_hot for 14 seconds]
[21:54:34] [Server thread/INFO]: [@: Given Weakness (ID 18) * 100 to ItsNiki for 14 seconds]
[21:54:34] [Server thread/INFO]: [@: Given Resistance (ID 11) * 100 to dingy_is_hot for 14 seconds]
[21:54:34] [Server thread/INFO]: [@: Given Resistance (ID 11) * 100 to ItsNiki for 14 seconds]
[21:54:34] [Server thread/INFO]: dingy_is_hot issued server command: /tnt
[21:54:34] [Server thread/INFO]: [@: Given Regeneration (ID 10) * 99 to dingy_is_hot for 14 seconds]
[21:54:34] [Server thread/INFO]: [@: Given Regeneration (ID 10) * 99 to ItsNiki for 14 seconds]
[21:54:34] [Server thread/INFO]: CommandBlock at -11,70,-14 issued server command: /weather clear
[21:54:34] [Server thread/INFO]: dingy_is_hot issued server command: /tnt
[21:54:35] [Server thread/INFO]: dingy_is_hot issued server command: /tnt
[21:54:36] [Server thread/INFO]: dingy_is_hot issued server command: /tnt
[21:54:36] [Server thread/INFO]: dingy_is_hot issued server command: /tnt
[21:54:36] [Server thread/INFO]: dingy_is_hot issued server command: /tnt
[21:54:37] [Server thread/INFO]: dingy_is_hot issued server command: /tnt
[21:54:37] [Server thread/INFO]: dingy_is_hot issued server command: /tnt
[21:54:37] [Server thread/INFO]: dingy_is_hot issued server command: /tnt
[21:54:37] [Server thread/INFO]: dingy_is_hot issued server command: /tnt
[21:54:39] [Server thread/INFO]: dingy_is_hot issued server command: /tnt
[21:54:42] [Server thread/INFO]: dingy_is_hot issued server command: /tnt
[21:54:43] [Server thread/INFO]: [@: Title command successfully executed]
[21:54:43] [Server thread/INFO]: [@: Title command successfully executed]
[21:54:43] [Server thread/INFO]: CommandBlock at -7,70,-21 issued server command: /tp ItsNiki -7 61 -19
[21:54:43] [Server thread/INFO]: CommandBlock at -7,70,-21 issued server command: /tp dingy_is_hot -7 61 -19
[21:54:43] [Server thread/INFO]: [@: 2 blocks filled]
[21:54:43] [Server thread/INFO]: [@: 4 blocks filled]
[21:54:43] [Server thread/INFO]: [@: 4 blocks filled]
[21:54:45] [Server thread/INFO]: [@: 2601 blocks cloned]
[21:54:45] [Server thread/INFO]: [@: 2601 blocks cloned]
[21:54:45] [Server thread/INFO]: [@: 2601 blocks cloned]
[21:54:45] [Server thread/INFO]: [@: 2601 blocks cloned]
[21:54:45] [Server thread/INFO]: [@: 2 blocks filled]
[21:54:47] [Server thread/INFO]: [@: Given Weakness (ID 18) * 100 to ItsNiki for 14 seconds]
[21:54:47] [Server thread/INFO]: [@: Given Weakness (ID 18) * 100 to dingy_is_hot for 14 seconds]
[21:54:47] [Server thread/INFO]: [@: Given Resistance (ID 11) * 100 to ItsNiki for 14 seconds]
[21:54:47] [Server thread/INFO]: [@: Given Resistance (ID 11) * 100 to dingy_is_hot for 14 seconds]
[21:54:47] [Server thread/INFO]: [@: Given Regeneration (ID 10) * 99 to ItsNiki for 14 seconds]
[21:54:47] [Server thread/INFO]: [@: Given Regeneration (ID 10) * 99 to dingy_is_hot for 14 seconds]
[21:54:47] [Server thread/INFO]: CommandBlock at -11,70,-14 issued server command: /weather clear
[21:54:48] [Server thread/INFO]: dingy_is_hot issued server command: /tnt
[21:54:49] [Server thread/INFO]: dingy_is_hot issued server command: /tnt
[21:54:49] [Server thread/INFO]: dingy_is_hot issued server command: /tnt
[21:54:50] [Server thread/INFO]: dingy_is_hot issued server command: /tnt
[21:54:50] [Server thread/INFO]: dingy_is_hot issued server command: /tnt
[21:54:50] [Server thread/INFO]: dingy_is_hot issued server command: /tnt
[21:54:50] [Server thread/INFO]: dingy_is_hot issued server command: /tnt
[21:54:51] [Server thread/INFO]: dingy_is_hot issued server command: /tnt
[21:54:51] [Server thread/INFO]: dingy_is_hot issued server command: /tnt
[21:54:51] [Server thread/INFO]: dingy_is_hot issued server command: /tnt
[21:54:52] [Server thread/INFO]: [0;33;22m[0;31;22m[ClearLag] [0;31;1mWarning Ground items will be removed in one minute![m

[21:54:59] [Server thread/INFO]: [@: Given Weakness (ID 18) * 100 to dingy_is_hot for 14 seconds]
[21:54:59] [Server thread/INFO]: [@: Given Weakness (ID 18) * 100 to ItsNiki for 14 seconds]
[21:54:59] [Server thread/INFO]: [@: Given Resistance (ID 11) * 100 to dingy_is_hot for 14 seconds]
[21:54:59] [Server thread/INFO]: [@: Given Resistance (ID 11) * 100 to ItsNiki for 14 seconds]
[21:55:00] [Server thread/INFO]: [@: Given Regeneration (ID 10) * 99 to dingy_is_hot for 14 seconds]
[21:55:00] [Server thread/INFO]: [@: Given Regeneration (ID 10) * 99 to ItsNiki for 14 seconds]
[21:55:00] [Server thread/INFO]: CommandBlock at -11,70,-14 issued server command: /weather clear
[21:55:01] [Server thread/INFO]: dingy_is_hot issued server command: /tnt
[21:55:05] [Server thread/INFO]: dingy_is_hot issued server command: /
[21:55:07] [Server thread/INFO]: dingy_is_hot issued server command: /tnt
[21:55:11] [Server thread/INFO]: dingy_is_hot issued server command: /tnt
[21:55:12] [Server thread/INFO]: [@: Given Weakness (ID 18) * 100 to ItsNiki for 14 seconds]
[21:55:12] [Server thread/INFO]: [@: Given Weakness (ID 18) * 100 to dingy_is_hot for 14 seconds]
[21:55:12] [Server thread/INFO]: [@: Given Resistance (ID 11) * 100 to ItsNiki for 14 seconds]
[21:55:12] [Server thread/INFO]: [@: Given Resistance (ID 11) * 100 to dingy_is_hot for 14 seconds]
[21:55:12] [Server thread/INFO]: [@: Given Regeneration (ID 10) * 99 to ItsNiki for 14 seconds]
[21:55:12] [Server thread/INFO]: [@: Given Regeneration (ID 10) * 99 to dingy_is_hot for 14 seconds]
[21:55:12] [Server thread/INFO]: CommandBlock at -11,70,-14 issued server command: /weather clear
[21:55:13] [Server thread/INFO]: dingy_is_hot issued server command: /tnt
[21:55:13] [Server thread/INFO]: dingy_is_hot issued server command: /tnt
[21:55:13] [Server thread/INFO]: dingy_is_hot issued server command: /tnt
[21:55:14] [Server thread/INFO]: dingy_is_hot issued server command: /tnt
[21:55:14] [Server thread/INFO]: dingy_is_hot issued server command: /
[21:55:24] [Server thread/INFO]: ItsNiki fell out of the world
[21:55:25] [Server thread/INFO]: [@: Given Weakness (ID 18) * 100 to dingy_is_hot for 14 seconds]
[21:55:25] [Server thread/INFO]: [@: Given Resistance (ID 11) * 100 to dingy_is_hot for 14 seconds]
[21:55:25] [Server thread/INFO]: [@: Given Regeneration (ID 10) * 99 to dingy_is_hot for 14 seconds]
[21:55:25] [Server thread/INFO]: CommandBlock at -11,70,-14 issued server command: /weather clear
[21:55:27] [Server thread/INFO]: CommandBlock at 185,142,-185 issued server command: /gamemode adventure ItsNiki
[21:55:37] [Server thread/INFO]: dingy_is_hot issued server command: /world pvp
[21:55:38] [Server thread/INFO]: [WorldGuard] 0 regions loaded for 'PVP'
[21:55:41] [Server thread/INFO]: ItsNiki fell from a high place
[21:55:43] [Server thread/INFO]: CommandBlock at 185,142,-185 issued server command: /gamemode adventure ItsNiki
[21:55:43] [Server thread/INFO]: dingy_is_hot issued server command: /world PVP
[21:55:44] [Server thread/INFO]: ItsNiki lost connection: Disconnected
[21:55:44] [Server thread/INFO]: Unknown command. Type "/help" for help.[m

[21:55:52] [Server thread/INFO]: [0;33;22m[0;33;22m[ClearLag] [0;32;1mRemoved 197 Entities![m

[21:56:01] [Server thread/INFO]: dingy_is_hot lost connection: Disconnected
